generation_id,candidate_id,candidate_tag,receiver_height,r_min,packing,inner_bias,azimuth_multiplier,beta_deg,bubble_radius,delta,flat_receiver_radius,flat_receiver_tilt,min_tower_clearance,num_heliostats,radial_multiplier,split_threshold,fitnessValue
000,0200,HASL_000_0200,69.309639,10.682151,0.552439,0.398592,1.000000,90.000000,5.800000,0.000000,0.865000,0.000000,5.000000,300.000000,1.000000,2.000000,0.343180
000,0199,HASL_000_0199,47.879462,23.289777,0.691900,0.169475,1.000000,90.000000,5.800000,0.000000,0.865000,0.000000,5.000000,300.000000,1.000000,2.000000,0.435691
000,0198,HASL_000_0198,65.389599,20.800677,0.428275,0.505753,1.000000,90.000000,5.800000,0.000000,0.865000,0.000000,5.000000,300.000000,1.000000,2.000000,0.365973
000,0197,HASL_000_0197,44.526048,10.210954,0.737433,0.212175,1.000000,90.000000,5.800000,0.000000,0.865000,0.000000,5.000000,300.000000,1.000000,2.000000,0.432027
000,0196,HASL_000_0196,49.417489,19.114513,0.715680,0.630334,1.000000,90.000000,5.800000,0.000000,0.865000,0.000000,5.000000,300.000000,1.000000,2.000000,0.411645
000,0195,HASL_000_0195,35.590205,10.670939,0.736345,0.423466,1.000000,90.000000,5.800000,0.000000,0.865000,0.000000,5.000000,300.000000,1.000000,2.000000,0.445399
000,0194,HASL_000_0194,46.070196,15.891731,0.887714,0.059929,1.000000,90.000000,5.800000,0.000000,0.865000,0.000000,5.000000,300.000000,1.000000,2.000000,0.426137
000,0193,HASL_000_0193,43.020706,28.369125,0.417167,0.429239,1.000000,90.000000,5.800000,0.000000,0.865000,0.000000,5.000000,300.000000,1.000000,2.000000,0.457505
000,0192,HASL_000_0192,35.846524,10.043469,0.711277,0.600162,1.000000,90.000000,5.800000,0.000000,0.865000,0.000000,5.000000,300.000000,1.000000,2.000000,0.446422
000,0191,HASL_000_0191,36.988347,22.794943,0.519954,0.080025,1.000000,90.000000,5.800000,0.000000,0.865000,0.000000,5.000000,300.000000,1.000000,2.000000,0.437590
000,0190,HASL_000_0190,35.867438,25.177556,0.412208,0.845216,1.000000,90.000000,5.800000,0.000000,0.865000,0.000000,5.000000,300.000000,1.000000,2.000000,0.468409
000,0189,HASL_000_0189,43.817149,23.733023,0.896429,0.486079,1.000000,90.000000,5.800000,0.000000,0.865000,0.000000,5.000000,300.000000,1.000000,2.000000,0.444878
000,0188,HASL_000_0188,68.130522,26.794767,0.771724,0.775757,1.000000,90.000000,5.800000,0.000000,0.865000,0.000000,5.000000,300.000000,1.000000,2.000000,0.361228
000,0187,HASL_000_0187,43.645969,18.573870,0.652948,0.149627,1.000000,90.000000,5.800000,0.000000,0.865000,0.000000,5.000000,300.000000,1.000000,2.000000,0.423621
000,0186,HASL_000_0186,37.853745,22.386242,0.575322,0.300840,1.000000,90.000000,5.800000,0.000000,0.865000,0.000000,5.000000,300.000000,1.000000,2.000000,0.438043
000,0185,HASL_000_0185,69.478668,29.241197,0.819160,0.831625,1.000000,90.000000,5.800000,0.000000,0.865000,0.000000,5.000000,300.000000,1.000000,2.000000,0.363234
000,0184,HASL_000_0184,58.466037,10.148414,0.618024,0.025345,1.000000,90.000000,5.800000,0.000000,0.865000,0.000000,5.000000,300.000000,1.000000,2.000000,0.388395
000,0183,HASL_000_0183,61.905474,23.263295,0.841507,0.702451,1.000000,90.000000,5.800000,0.000000,0.865000,0.000000,5.000000,300.000000,1.000000,2.000000,0.386972
000,0182,HASL_000_0182,69.680257,15.930904,0.462863,0.810488,1.000000,90.000000,5.800000,0.000000,0.865000,0.000000,5.000000,300.000000,1.000000,2.000000,0.351468
000,0181,HASL_000_0181,65.371911,28.010503,0.547534,0.594604,1.000000,90.000000,5.800000,0.000000,0.865000,0.000000,5.000000,300.000000,1.000000,2.000000,0.378863
000,0180,HASL_000_0180,62.816391,24.774655,0.531388,0.822881,1.000000,90.000000,5.800000,0.000000,0.865000,0.000000,5.000000,300.000000,1.000000,2.000000,0.381916
000,0179,HASL_000_0179,62.741607,10.511841,0.447341,0.382415,1.000000,90.000000,5.800000,0.000000,0.865000,0.000000,5.000000,300.000000,1.000000,2.000000,0.372257
000,0178,HASL_000_0178,43.657931,22.950517,0.723643,0.215852,1.000000,90.000000,5.800000,0.000000,0.865000,0.000000,5.000000,300.000000,1.000000,2.000000,0.431126
000,0177,HASL_000_0177,50.103785,10.540540,0.577942,0.999824,1.000000,90.000000,5.800000,0.000000,0.865000,0.000000,5.000000,300.000000,1.000000,2.000000,0.414253
000,0176,HASL_000_0176,54.035611,11.161196,0.851543,0.629574,1.000000,90.000000,5.800000,0.000000,0.865000,0.000000,5.000000,300.000000,1.000000,2.000000,0.404692
000,0175,HASL_000_0175,66.921344,10.733317,0.599159,0.635015,1.000000,90.000000,5.800000,0.000000,0.865000,0.000000,5.000000,300.000000,1.000000,2.000000,0.351372
000,0174,HASL_000_0174,35.889994,17.037249,0.599488,0.462023,1.000000,90.000000,5.800000,0.000000,0.865000,0.000000,5.000000,300.000000,1.000000,2.000000,0.432895
000,0173,HASL_000_0173,56.529685,29.727742,0.753968,0.314615,1.000000,90.000000,5.800000,0.000000,0.865000,0.000000,5.000000,300.000000,1.000000,2.000000,0.411698
000,0172,HASL_000_0172,42.832528,24.404909,0.628754,0.008293,1.000000,90.000000,5.800000,0.000000,0.865000,0.000000,5.000000,300.000000,1.000000,2.000000,0.459866
000,0171,HASL_000_0171,62.448954,16.013367,0.883370,0.961430,1.000000,90.000000,5.800000,0.000000,0.865000,0.000000,5.000000,300.000000,1.000000,2.000000,0.380904
000,0170,HASL_000_0170,52.698430,29.330019,0.677567,0.951533,1.000000,90.000000,5.800000,0.000000,0.865000,0.000000,5.000000,300.000000,1.000000,2.000000,0.425191
000,0169,HASL_000_0169,49.063110,29.440251,0.858820,0.949107,1.000000,90.000000,5.800000,0.000000,0.865000,0.000000,5.000000,300.000000,1.000000,2.000000,0.442520
000,0168,HASL_000_0168,44.150184,18.558509,0.829606,0.559182,1.000000,90.000000,5.800000,0.000000,0.865000,0.000000,5.000000,300.000000,1.000000,2.000000,0.424242
000,0167,HASL_000_0167,58.662865,14.094732,0.642837,0.540532,1.000000,90.000000,5.800000,0.000000,0.865000,0.000000,5.000000,300.000000,1.000000,2.000000,0.389922
000,0166,HASL_000_0166,50.236366,27.102351,0.870440,0.363536,1.000000,90.000000,5.800000,0.000000,0.865000,0.000000,5.000000,300.000000,1.000000,2.000000,0.438022
000,0165,HASL_000_0165,54.648752,29.004388,0.813585,0.380293,1.000000,90.000000,5.800000,0.000000,0.865000,0.000000,5.000000,300.000000,1.000000,2.000000,0.419870
000,0164,HASL_000_0164,50.628279,17.429351,0.854889,0.156534,1.000000,90.000000,5.800000,0.000000,0.865000,0.000000,5.000000,300.000000,1.000000,2.000000,0.412558
000,0163,HASL_000_0163,40.790018,15.134334,0.589124,0.073953,1.000000,90.000000,5.800000,0.000000,0.865000,0.000000,5.000000,300.000000,1.000000,2.000000,0.439547
000,0162,HASL_000_0162,69.319043,10.596753,0.590915,0.342136,1.000000,90.000000,5.800000,0.000000,0.865000,0.000000,5.000000,300.000000,1.000000,2.000000,0.343329
000,0161,HASL_000_0161,41.029583,18.747962,0.790768,0.158358,1.000000,90.000000,5.800000,0.000000,0.865000,0.000000,5.000000,300.000000,1.000000,2.000000,0.424541
000,0160,HASL_000_0160,67.836528,13.223185,0.614883,0.605085,1.000000,90.000000,5.800000,0.000000,0.865000,0.000000,5.000000,300.000000,1.000000,2.000000,0.356892
000,0159,HASL_000_0159,55.753731,27.513780,0.501746,0.035316,1.000000,90.000000,5.800000,0.000000,0.865000,0.000000,5.000000,300.000000,1.000000,2.000000,0.415836
000,0158,HASL_000_0158,58.226087,26.300101,0.787446,0.768021,1.000000,90.000000,5.800000,0.000000,0.865000,0.000000,5.000000,300.000000,1.000000,2.000000,0.408556
000,0157,HASL_000_0157,47.772605,28.845416,0.421211,0.507335,1.000000,90.000000,5.800000,0.000000,0.865000,0.000000,5.000000,300.000000,1.000000,2.000000,0.442766
000,0156,HASL_000_0156,60.864267,28.581501,0.724494,0.044051,1.000000,90.000000,5.800000,0.000000,0.865000,0.000000,5.000000,300.000000,1.000000,2.000000,0.396844
000,0155,HASL_000_0155,44.709214,29.674438,0.808871,0.546643,1.000000,90.000000,5.800000,0.000000,0.865000,0.000000,5.000000,300.000000,1.000000,2.000000,0.453138
000,0154,HASL_000_0154,68.646436,15.624068,0.458714,0.184471,1.000000,90.000000,5.800000,0.000000,0.865000,0.000000,5.000000,300.000000,1.000000,2.000000,0.351742
000,0153,HASL_000_0153,59.299848,15.363845,0.514442,0.292449,1.000000,90.000000,5.800000,0.000000,0.865000,0.000000,5.000000,300.000000,1.000000,2.000000,0.385376
000,0152,HASL_000_0152,58.824815,29.081857,0.812344,0.355039,1.000000,90.000000,5.800000,0.000000,0.865000,0.000000,5.000000,300.000000,1.000000,2.000000,0.404905
000,0151,HASL_000_0151,55.128632,25.006862,0.630149,0.578183,1.000000,90.000000,5.800000,0.000000,0.865000,0.000000,5.000000,300.000000,1.000000,2.000000,0.409495
000,0150,HASL_000_0150,65.891639,21.929782,0.684512,0.621740,1.000000,90.000000,5.800000,0.000000,0.865000,0.000000,5.000000,300.000000,1.000000,2.000000,0.364974
000,0149,HASL_000_0149,47.959859,26.732524,0.609315,0.802507,1.000000,90.000000,5.800000,0.000000,0.865000,0.000000,5.000000,300.000000,1.000000,2.000000,0.441173
000,0148,HASL_000_0148,62.662853,28.618533,0.576298,0.947408,1.000000,90.000000,5.800000,0.000000,0.865000,0.000000,5.000000,300.000000,1.000000,2.000000,0.388972
000,0147,HASL_000_0147,69.208500,25.254785,0.467359,0.015663,1.000000,90.000000,5.800000,0.000000,0.865000,0.000000,5.000000,300.000000,1.000000,2.000000,0.356924
000,0146,HASL_000_0146,52.385523,29.677251,0.510979,0.617384,1.000000,90.000000,5.800000,0.000000,0.865000,0.000000,5.000000,300.000000,1.000000,2.000000,0.429950
000,0145,HASL_000_0145,60.866003,26.838406,0.627572,0.065098,1.000000,90.000000,5.800000,0.000000,0.865000,0.000000,5.000000,300.000000,1.000000,2.000000,0.396860
000,0144,HASL_000_0144,38.318610,26.782308,0.493382,0.359056,1.000000,90.000000,5.800000,0.000000,0.865000,0.000000,5.000000,300.000000,1.000000,2.000000,0.461871
000,0143,HASL_000_0143,68.989046,10.456855,0.610929,0.026796,1.000000,90.000000,5.800000,0.000000,0.865000,0.000000,5.000000,300.000000,1.000000,2.000000,0.344575
000,0142,HASL_000_0142,44.064894,19.311111,0.643310,0.182466,1.000000,90.000000,5.800000,0.000000,0.865000,0.000000,5.000000,300.000000,1.000000,2.000000,0.421051
000,0141,HASL_000_0141,44.208482,18.946036,0.545727,0.590678,1.000000,90.000000,5.800000,0.000000,0.865000,0.000000,5.000000,300.000000,1.000000,2.000000,0.420702
000,0140,HASL_000_0140,64.705070,17.917451,0.851227,0.402361,1.000000,90.000000,5.800000,0.000000,0.865000,0.000000,5.000000,300.000000,1.000000,2.000000,0.366827
000,0139,HASL_000_0139,63.073351,13.814523,0.675018,0.184451,1.000000,90.000000,5.800000,0.000000,0.865000,0.000000,5.000000,300.000000,1.000000,2.000000,0.374082
000,0138,HASL_000_0138,59.198049,22.184383,0.574235,0.648936,1.000000,90.000000,5.800000,0.000000,0.865000,0.000000,5.000000,300.000000,1.000000,2.000000,0.395094
000,0137,HASL_000_0137,43.848010,18.633584,0.506317,0.412435,1.000000,90.000000,5.800000,0.000000,0.865000,0.000000,5.000000,300.000000,1.000000,2.000000,0.421861
000,0136,HASL_000_0136,67.645725,19.596124,0.517573,0.380699,1.000000,90.000000,5.800000,0.000000,0.865000,0.000000,5.000000,300.000000,1.000000,2.000000,0.356274
000,0135,HASL_000_0135,38.800423,17.381482,0.700018,0.033193,1.000000,90.000000,5.800000,0.000000,0.865000,0.000000,5.000000,300.000000,1.000000,2.000000,0.429549
000,0134,HASL_000_0134,69.677499,13.038624,0.895492,0.702194,1.000000,90.000000,5.800000,0.000000,0.865000,0.000000,5.000000,300.000000,1.000000,2.000000,0.347489
000,0133,HASL_000_0133,52.192787,26.267344,0.480617,0.139740,1.000000,90.000000,5.800000,0.000000,0.865000,0.000000,5.000000,300.000000,1.000000,2.000000,0.427605
000,0132,HASL_000_0132,45.137650,25.400210,0.689960,0.862277,1.000000,90.000000,5.800000,0.000000,0.865000,0.000000,5.000000,300.000000,1.000000,2.000000,0.452470
000,0131,HASL_000_0131,66.635663,13.616369,0.707153,0.290051,1.000000,90.000000,5.800000,0.000000,0.865000,0.000000,5.000000,300.000000,1.000000,2.000000,0.361895
000,0130,HASL_000_0130,35.230971,28.273114,0.799816,0.640893,1.000000,90.000000,5.800000,0.000000,0.865000,0.000000,5.000000,300.000000,1.000000,2.000000,0.468978
000,0129,HASL_000_0129,44.891752,28.860069,0.413165,0.230515,1.000000,90.000000,5.800000,0.000000,0.865000,0.000000,5.000000,300.000000,1.000000,2.000000,0.451852
000,0128,HASL_000_0128,40.192833,23.330066,0.536173,0.715489,1.000000,90.000000,5.800000,0.000000,0.865000,0.000000,5.000000,300.000000,1.000000,2.000000,0.432826
000,0127,HASL_000_0127,68.294275,17.282484,0.483379,0.236350,1.000000,90.000000,5.800000,0.000000,0.865000,0.000000,5.000000,300.000000,1.000000,2.000000,0.352330
000,0126,HASL_000_0126,56.702273,12.962197,0.649872,0.188687,1.000000,90.000000,5.800000,0.000000,0.865000,0.000000,5.000000,300.000000,1.000000,2.000000,0.396393
000,0125,HASL_000_0125,42.898024,11.703641,0.521248,0.417486,1.000000,90.000000,5.800000,0.000000,0.865000,0.000000,5.000000,300.000000,1.000000,2.000000,0.429296
000,0124,HASL_000_0124,61.143854,16.652429,0.431326,0.893793,1.000000,90.000000,5.800000,0.000000,0.865000,0.000000,5.000000,300.000000,1.000000,2.000000,0.377468
000,0123,HASL_000_0123,48.005681,10.715088,0.812880,0.948034,1.000000,90.000000,5.800000,0.000000,0.865000,0.000000,5.000000,300.000000,1.000000,2.000000,0.422658
000,0122,HASL_000_0122,56.199645,29.426369,0.716891,0.993015,1.000000,90.000000,5.800000,0.000000,0.865000,0.000000,5.000000,300.000000,1.000000,2.000000,0.413251
000,0121,HASL_000_0121,54.207767,11.423372,0.865833,0.881236,1.000000,90.000000,5.800000,0.000000,0.865000,0.000000,5.000000,300.000000,1.000000,2.000000,0.403994
000,0120,HASL_000_0120,63.088269,13.797156,0.859098,0.177300,1.000000,90.000000,5.800000,0.000000,0.865000,0.000000,5.000000,300.000000,1.000000,2.000000,0.374203
000,0119,HASL_000_0119,59.114075,10.031428,0.439024,0.997355,1.000000,90.000000,5.800000,0.000000,0.865000,0.000000,5.000000,300.000000,1.000000,2.000000,0.384672
000,0118,HASL_000_0118,64.533190,14.996271,0.878532,0.176715,1.000000,90.000000,5.800000,0.000000,0.865000,0.000000,5.000000,300.000000,1.000000,2.000000,0.368313
000,0117,HASL_000_0117,38.842431,24.792105,0.604845,0.412475,1.000000,90.000000,5.800000,0.000000,0.865000,0.000000,5.000000,300.000000,1.000000,2.000000,0.467199
000,0116,HASL_000_0116,54.974290,15.016833,0.577929,0.524975,1.000000,90.000000,5.800000,0.000000,0.865000,0.000000,5.000000,300.000000,1.000000,2.000000,0.400636
000,0115,HASL_000_0115,49.365020,21.562601,0.857603,0.568005,1.000000,90.000000,5.800000,0.000000,0.865000,0.000000,5.000000,300.000000,1.000000,2.000000,0.430088
000,0114,HASL_000_0114,59.215791,14.667938,0.600284,0.868850,1.000000,90.000000,5.800000,0.000000,0.865000,0.000000,5.000000,300.000000,1.000000,2.000000,0.387342
000,0113,HASL_000_0113,44.210746,20.050011,0.863989,0.217014,1.000000,90.000000,5.800000,0.000000,0.865000,0.000000,5.000000,300.000000,1.000000,2.000000,0.442213
000,0112,HASL_000_0112,55.808815,13.142580,0.745660,0.753016,1.000000,90.000000,5.800000,0.000000,0.865000,0.000000,5.000000,300.000000,1.000000,2.000000,0.399855
000,0111,HASL_000_0111,56.282612,23.815198,0.716135,0.516975,1.000000,90.000000,5.800000,0.000000,0.865000,0.000000,5.000000,300.000000,1.000000,2.000000,0.407375
000,0110,HASL_000_0110,59.731076,20.820784,0.565335,0.796956,1.000000,90.000000,5.800000,0.000000,0.865000,0.000000,5.000000,300.000000,1.000000,2.000000,0.387923
000,0109,HASL_000_0109,53.182030,23.661397,0.602506,0.024383,1.000000,90.000000,5.800000,0.000000,0.865000,0.000000,5.000000,300.000000,1.000000,2.000000,0.417279
000,0108,HASL_000_0108,67.407358,11.788301,0.629183,0.480738,1.000000,90.000000,5.800000,0.000000,0.865000,0.000000,5.000000,300.000000,1.000000,2.000000,0.355064
000,0107,HASL_000_0107,39.306613,15.925711,0.438143,0.490856,1.000000,90.000000,5.800000,0.000000,0.865000,0.000000,5.000000,300.000000,1.000000,2.000000,0.429709
000,0106,HASL_000_0106,57.632509,10.630340,0.884526,0.405739,1.000000,90.000000,5.800000,0.000000,0.865000,0.000000,5.000000,300.000000,1.000000,2.000000,0.382886
000,0105,HASL_000_0105,46.457577,28.347323,0.691151,0.034110,1.000000,90.000000,5.800000,0.000000,0.865000,0.000000,5.000000,300.000000,1.000000,2.000000,0.446654
000,0104,HASL_000_0104,43.978333,17.682063,0.789693,0.994015,1.000000,90.000000,5.800000,0.000000,0.865000,0.000000,5.000000,300.000000,1.000000,2.000000,0.425884
000,0103,HASL_000_0103,37.465433,23.819412,0.677162,0.979549,1.000000,90.000000,5.800000,0.000000,0.865000,0.000000,5.000000,300.000000,1.000000,2.000000,0.472144
000,0102,HASL_000_0102,57.902415,12.741008,0.528140,0.682985,1.000000,90.000000,5.800000,0.000000,0.865000,0.000000,5.000000,300.000000,1.000000,2.000000,0.391868
000,0101,HASL_000_0101,52.677534,11.768829,0.725677,0.718457,1.000000,90.000000,5.800000,0.000000,0.865000,0.000000,5.000000,300.000000,1.000000,2.000000,0.405451
000,0100,HASL_000_0100,48.582268,13.372579,0.780751,0.285601,1.000000,90.000000,5.800000,0.000000,0.865000,0.000000,5.000000,300.000000,1.000000,2.000000,0.424947
000,0099,HASL_000_0099,60.632116,19.788987,0.795568,0.545430,1.000000,90.000000,5.800000,0.000000,0.865000,0.000000,5.000000,300.000000,1.000000,2.000000,0.386756
000,0098,HASL_000_0098,50.114568,11.583645,0.851303,0.544659,1.000000,90.000000,5.800000,0.000000,0.865000,0.000000,5.000000,300.000000,1.000000,2.000000,0.415792
000,0097,HASL_000_0097,39.077826,25.669131,0.484965,0.395977,1.000000,90.000000,5.800000,0.000000,0.865000,0.000000,5.000000,300.000000,1.000000,2.000000,0.463541
000,0096,HASL_000_0096,55.558737,26.377295,0.463806,0.793513,1.000000,90.000000,5.800000,0.000000,0.865000,0.000000,5.000000,300.000000,1.000000,2.000000,0.415913
000,0095,HASL_000_0095,53.805942,19.819407,0.684548,0.221393,1.000000,90.000000,5.800000,0.000000,0.865000,0.000000,5.000000,300.000000,1.000000,2.000000,0.410927
000,0094,HASL_000_0094,69.044980,15.134489,0.681121,0.725575,1.000000,90.000000,5.800000,0.000000,0.865000,0.000000,5.000000,300.000000,1.000000,2.000000,0.352378
000,0093,HASL_000_0093,47.374192,18.035409,0.635257,0.547528,1.000000,90.000000,5.800000,0.000000,0.865000,0.000000,5.000000,300.000000,1.000000,2.000000,0.417727
000,0092,HASL_000_0092,66.431421,14.302808,0.791837,0.959554,1.000000,90.000000,5.800000,0.000000,0.865000,0.000000,5.000000,300.000000,1.000000,2.000000,0.362412
000,0091,HASL_000_0091,49.027017,26.494936,0.885565,0.551015,1.000000,90.000000,5.800000,0.000000,0.865000,0.000000,5.000000,300.000000,1.000000,2.000000,0.440545
000,0090,HASL_000_0090,69.394648,26.935795,0.745105,0.379425,1.000000,90.000000,5.800000,0.000000,0.865000,0.000000,5.000000,300.000000,1.000000,2.000000,0.356664
000,0089,HASL_000_0089,44.813436,22.621485,0.446901,0.570400,1.000000,90.000000,5.800000,0.000000,0.865000,0.000000,5.000000,300.000000,1.000000,2.000000,0.429088
000,0088,HASL_000_0088,58.895081,12.678061,0.793116,0.819544,1.000000,90.000000,5.800000,0.000000,0.865000,0.000000,5.000000,300.000000,1.000000,2.000000,0.390491
000,0087,HASL_000_0087,63.412626,16.884582,0.593270,0.908622,1.000000,90.000000,5.800000,0.000000,0.865000,0.000000,5.000000,300.000000,1.000000,2.000000,0.370424
000,0086,HASL_000_0086,40.282624,29.029017,0.772038,0.191696,1.000000,90.000000,5.800000,0.000000,0.865000,0.000000,5.000000,300.000000,1.000000,2.000000,0.463059
000,0085,HASL_000_0085,41.794782,28.121436,0.594337,0.741448,1.000000,90.000000,5.800000,0.000000,0.865000,0.000000,5.000000,300.000000,1.000000,2.000000,0.461577
000,0084,HASL_000_0084,54.761193,10.413827,0.555320,0.605707,1.000000,90.000000,5.800000,0.000000,0.865000,0.000000,5.000000,300.000000,1.000000,2.000000,0.399330
000,0083,HASL_000_0083,59.683454,17.863735,0.610259,0.513177,1.000000,90.000000,5.800000,0.000000,0.865000,0.000000,5.000000,300.000000,1.000000,2.000000,0.380850
000,0082,HASL_000_0082,35.193839,24.993655,0.888405,0.759955,1.000000,90.000000,5.800000,0.000000,0.865000,0.000000,5.000000,300.000000,1.000000,2.000000,0.473677
000,0081,HASL_000_0081,59.033652,16.064429,0.847637,0.476847,1.000000,90.000000,5.800000,0.000000,0.865000,0.000000,5.000000,300.000000,1.000000,2.000000,0.392752
000,0080,HASL_000_0080,44.792519,15.799176,0.670772,0.361280,1.000000,90.000000,5.800000,0.000000,0.865000,0.000000,5.000000,300.000000,1.000000,2.000000,0.427163
000,0079,HASL_000_0079,65.409739,21.522572,0.428879,0.682144,1.000000,90.000000,5.800000,0.000000,0.865000,0.000000,5.000000,300.000000,1.000000,2.000000,0.365453
000,0078,HASL_000_0078,52.061876,25.037519,0.572692,0.598738,1.000000,90.000000,5.800000,0.000000,0.865000,0.000000,5.000000,300.000000,1.000000,2.000000,0.430943
000,0077,HASL_000_0077,50.005524,23.515995,0.528269,0.918963,1.000000,90.000000,5.800000,0.000000,0.865000,0.000000,5.000000,300.000000,1.000000,2.000000,0.427661
000,0076,HASL_000_0076,36.869182,14.003885,0.864559,0.228142,1.000000,90.000000,5.800000,0.000000,0.865000,0.000000,5.000000,300.000000,1.000000,2.000000,0.450894
000,0075,HASL_000_0075,51.744623,25.117850,0.492299,0.392306,1.000000,90.000000,5.800000,0.000000,0.865000,0.000000,5.000000,300.000000,1.000000,2.000000,0.431020
000,0074,HASL_000_0074,65.214868,21.628991,0.805135,0.653569,1.000000,90.000000,5.800000,0.000000,0.865000,0.000000,5.000000,300.000000,1.000000,2.000000,0.368372
000,0073,HASL_000_0073,51.934988,13.290497,0.889681,0.937642,1.000000,90.000000,5.800000,0.000000,0.865000,0.000000,5.000000,300.000000,1.000000,2.000000,0.413293
000,0072,HASL_000_0072,36.721283,24.220518,0.432442,0.686387,1.000000,90.000000,5.800000,0.000000,0.865000,0.000000,5.000000,300.000000,1.000000,2.000000,0.470234
000,0071,HASL_000_0071,61.097260,15.894439,0.504213,0.286929,1.000000,90.000000,5.800000,0.000000,0.865000,0.000000,5.000000,300.000000,1.000000,2.000000,0.377050
000,0070,HASL_000_0070,59.727290,26.812069,0.717850,0.622739,1.000000,90.000000,5.800000,0.000000,0.865000,0.000000,5.000000,300.000000,1.000000,2.000000,0.401776
000,0069,HASL_000_0069,62.433093,20.056537,0.480405,0.701404,1.000000,90.000000,5.800000,0.000000,0.865000,0.000000,5.000000,300.000000,1.000000,2.000000,0.377806
000,0068,HASL_000_0068,43.093484,28.659612,0.575984,0.104875,1.000000,90.000000,5.800000,0.000000,0.865000,0.000000,5.000000,300.000000,1.000000,2.000000,0.456266
000,0067,HASL_000_0067,55.298861,22.089091,0.889233,0.484145,1.000000,90.000000,5.800000,0.000000,0.865000,0.000000,5.000000,300.000000,1.000000,2.000000,0.410220
000,0066,HASL_000_0066,46.072008,25.070514,0.846969,0.673375,1.000000,90.000000,5.800000,0.000000,0.865000,0.000000,5.000000,300.000000,1.000000,2.000000,0.451678
000,0065,HASL_000_0065,62.881833,15.547143,0.681101,0.103084,1.000000,90.000000,5.800000,0.000000,0.865000,0.000000,5.000000,300.000000,1.000000,2.000000,0.373916
000,0064,HASL_000_0064,56.564931,13.508842,0.615101,0.865641,1.000000,90.000000,5.800000,0.000000,0.865000,0.000000,5.000000,300.000000,1.000000,2.000000,0.397438
000,0063,HASL_000_0063,63.975169,12.005479,0.706810,0.685059,1.000000,90.000000,5.800000,0.000000,0.865000,0.000000,5.000000,300.000000,1.000000,2.000000,0.367581
000,0062,HASL_000_0062,44.219401,17.568744,0.642813,0.870752,1.000000,90.000000,5.800000,0.000000,0.865000,0.000000,5.000000,300.000000,1.000000,2.000000,0.424843
000,0061,HASL_000_0061,57.847502,17.548124,0.897418,0.460805,1.000000,90.000000,5.800000,0.000000,0.865000,0.000000,5.000000,300.000000,1.000000,2.000000,0.392001
000,0060,HASL_000_0060,39.876821,13.748561,0.477542,0.349912,1.000000,90.000000,5.800000,0.000000,0.865000,0.000000,5.000000,300.000000,1.000000,2.000000,0.441855
000,0059,HASL_000_0059,64.200943,19.457906,0.625088,0.726060,1.000000,90.000000,5.800000,0.000000,0.865000,0.000000,5.000000,300.000000,1.000000,2.000000,0.368089
000,0058,HASL_000_0058,48.499025,24.891957,0.788166,0.134640,1.000000,90.000000,5.800000,0.000000,0.865000,0.000000,5.000000,300.000000,1.000000,2.000000,0.431651
000,0057,HASL_000_0057,62.245416,23.203383,0.787472,0.983977,1.000000,90.000000,5.800000,0.000000,0.865000,0.000000,5.000000,300.000000,1.000000,2.000000,0.386200
000,0056,HASL_000_0056,65.435474,15.568149,0.808924,0.208289,1.000000,90.000000,5.800000,0.000000,0.865000,0.000000,5.000000,300.000000,1.000000,2.000000,0.369688
000,0055,HASL_000_0055,45.151143,29.002104,0.418963,0.708941,1.000000,90.000000,5.800000,0.000000,0.865000,0.000000,5.000000,300.000000,1.000000,2.000000,0.451075
000,0054,HASL_000_0054,37.077235,21.228435,0.546432,0.333716,1.000000,90.000000,5.800000,0.000000,0.865000,0.000000,5.000000,300.000000,1.000000,2.000000,0.451230
000,0053,HASL_000_0053,44.191441,16.723958,0.455736,0.380616,1.000000,90.000000,5.800000,0.000000,0.865000,0.000000,5.000000,300.000000,1.000000,2.000000,0.424739
000,0052,HASL_000_0052,43.317830,11.284406,0.794320,0.708244,1.000000,90.000000,5.800000,0.000000,0.865000,0.000000,5.000000,300.000000,1.000000,2.000000,0.433407
000,0051,HASL_000_0051,53.048150,17.087061,0.671699,0.525074,1.000000,90.000000,5.800000,0.000000,0.865000,0.000000,5.000000,300.000000,1.000000,2.000000,0.405164
000,0050,HASL_000_0050,36.821201,11.526096,0.756839,0.611238,1.000000,90.000000,5.800000,0.000000,0.865000,0.000000,5.000000,300.000000,1.000000,2.000000,0.441101
000,0049,HASL_000_0049,53.120993,20.340526,0.686323,0.971120,1.000000,90.000000,5.800000,0.000000,0.865000,0.000000,5.000000,300.000000,1.000000,2.000000,0.412565
000,0048,HASL_000_0048,53.635528,14.196206,0.516275,0.328522,1.000000,90.000000,5.800000,0.000000,0.865000,0.000000,5.000000,300.000000,1.000000,2.000000,0.405605
000,0047,HASL_000_0047,63.042475,13.587736,0.815576,0.363526,1.000000,90.000000,5.800000,0.000000,0.865000,0.000000,5.000000,300.000000,1.000000,2.000000,0.375272
000,0046,HASL_000_0046,68.255074,23.465601,0.781088,0.610853,1.000000,90.000000,5.800000,0.000000,0.865000,0.000000,5.000000,300.000000,1.000000,2.000000,0.362662
000,0045,HASL_000_0045,50.443808,21.216546,0.865984,0.927986,1.000000,90.000000,5.800000,0.000000,0.865000,0.000000,5.000000,300.000000,1.000000,2.000000,0.427235
000,0044,HASL_000_0044,58.297842,23.953714,0.424933,0.288104,1.000000,90.000000,5.800000,0.000000,0.865000,0.000000,5.000000,300.000000,1.000000,2.000000,0.398585
000,0043,HASL_000_0043,41.875494,26.726475,0.419314,0.735937,1.000000,90.000000,5.800000,0.000000,0.865000,0.000000,5.000000,300.000000,1.000000,2.000000,0.455325
000,0042,HASL_000_0042,47.695613,14.846614,0.797315,0.237565,1.000000,90.000000,5.800000,0.000000,0.865000,0.000000,5.000000,300.000000,1.000000,2.000000,0.425629
000,0041,HASL_000_0041,53.512013,19.828472,0.859277,0.956327,1.000000,90.000000,5.800000,0.000000,0.865000,0.000000,5.000000,300.000000,1.000000,2.000000,0.413136
000,0040,HASL_000_0040,66.136289,18.547759,0.768489,0.620490,1.000000,90.000000,5.800000,0.000000,0.865000,0.000000,5.000000,300.000000,1.000000,2.000000,0.358500
000,0039,HASL_000_0039,49.459080,23.782392,0.455728,0.811239,1.000000,90.000000,5.800000,0.000000,0.865000,0.000000,5.000000,300.000000,1.000000,2.000000,0.427879
000,0038,HASL_000_0038,47.614127,21.434284,0.899862,0.864218,1.000000,90.000000,5.800000,0.000000,0.865000,0.000000,5.000000,300.000000,1.000000,2.000000,0.435453
000,0037,HASL_000_0037,55.007094,24.682230,0.446886,0.570441,1.000000,90.000000,5.800000,0.000000,0.865000,0.000000,5.000000,300.000000,1.000000,2.000000,0.409631
000,0036,HASL_000_0036,53.961498,23.083051,0.537641,0.560274,1.000000,90.000000,5.800000,0.000000,0.865000,0.000000,5.000000,300.000000,1.000000,2.000000,0.406047
000,0035,HASL_000_0035,55.138610,27.895795,0.681999,0.435651,1.000000,90.000000,5.800000,0.000000,0.865000,0.000000,5.000000,300.000000,1.000000,2.000000,0.418836
000,0034,HASL_000_0034,54.958116,20.977892,0.886143,0.801658,1.000000,90.000000,5.800000,0.000000,0.865000,0.000000,5.000000,300.000000,1.000000,2.000000,0.407226
000,0033,HASL_000_0033,65.550242,16.362464,0.529966,0.913651,1.000000,90.000000,5.800000,0.000000,0.865000,0.000000,5.000000,300.000000,1.000000,2.000000,0.366939
000,0032,HASL_000_0032,54.036337,11.532624,0.830272,0.895490,1.000000,90.000000,5.800000,0.000000,0.865000,0.000000,5.000000,300.000000,1.000000,2.000000,0.403927
000,0031,HASL_000_0031,54.121810,14.754654,0.570827,0.479199,1.000000,90.000000,5.800000,0.000000,0.865000,0.000000,5.000000,300.000000,1.000000,2.000000,0.403759
000,0030,HASL_000_0030,56.671498,17.728358,0.406693,0.108857,1.000000,90.000000,5.800000,0.000000,0.865000,0.000000,5.000000,300.000000,1.000000,2.000000,0.392027
000,0029,HASL_000_0029,53.562303,18.879861,0.750945,0.213537,1.000000,90.000000,5.800000,0.000000,0.865000,0.000000,5.000000,300.000000,1.000000,2.000000,0.398339
000,0028,HASL_000_0028,40.584147,18.489842,0.796932,0.348704,1.000000,90.000000,5.800000,0.000000,0.865000,0.000000,5.000000,300.000000,1.000000,2.000000,0.425793
000,0027,HASL_000_0027,62.823775,22.054409,0.580181,0.063800,1.000000,90.000000,5.800000,0.000000,0.865000,0.000000,5.000000,300.000000,1.000000,2.000000,0.382671
000,0026,HASL_000_0026,67.065631,13.533691,0.868891,0.382566,1.000000,90.000000,5.800000,0.000000,0.865000,0.000000,5.000000,300.000000,1.000000,2.000000,0.361295
000,0025,HASL_000_0025,36.977391,14.919557,0.782150,0.658576,1.000000,90.000000,5.800000,0.000000,0.865000,0.000000,5.000000,300.000000,1.000000,2.000000,0.447399
000,0024,HASL_000_0024,42.733686,28.121448,0.778216,0.226716,1.000000,90.000000,5.800000,0.000000,0.865000,0.000000,5.000000,300.000000,1.000000,2.000000,0.457419
000,0023,HASL_000_0023,40.667546,10.970444,0.896453,0.571623,1.000000,90.000000,5.800000,0.000000,0.865000,0.000000,5.000000,300.000000,1.000000,2.000000,0.440416
000,0022,HASL_000_0022,44.109542,12.603906,0.716603,0.841540,1.000000,90.000000,5.800000,0.000000,0.865000,0.000000,5.000000,300.000000,1.000000,2.000000,0.438198
000,0021,HASL_000_0021,47.710766,24.026971,0.622360,0.689224,1.000000,90.000000,5.800000,0.000000,0.865000,0.000000,5.000000,300.000000,1.000000,2.000000,0.434230
000,0020,HASL_000_0020,40.833095,26.819181,0.897816,0.691606,1.000000,90.000000,5.800000,0.000000,0.865000,0.000000,5.000000,300.000000,1.000000,2.000000,0.461271
000,0019,HASL_000_0019,66.575329,11.787703,0.769217,0.675342,1.000000,90.000000,5.800000,0.000000,0.865000,0.000000,5.000000,300.000000,1.000000,2.000000,0.358819
000,0018,HASL_000_0018,63.732845,11.847376,0.500346,0.108993,1.000000,90.000000,5.800000,0.000000,0.865000,0.000000,5.000000,300.000000,1.000000,2.000000,0.368930
000,0017,HASL_000_0017,53.021298,14.532942,0.646008,0.470720,1.000000,90.000000,5.800000,0.000000,0.865000,0.000000,5.000000,300.000000,1.000000,2.000000,0.408414
000,0016,HASL_000_0016,53.661752,18.007392,0.409560,0.677799,1.000000,90.000000,5.800000,0.000000,0.865000,0.000000,5.000000,300.000000,1.000000,2.000000,0.399994
000,0015,HASL_000_0015,62.538482,23.837198,0.700346,0.563396,1.000000,90.000000,5.800000,0.000000,0.865000,0.000000,5.000000,300.000000,1.000000,2.000000,0.384495
000,0014,HASL_000_0014,61.743213,17.841178,0.611654,0.795061,1.000000,90.000000,5.800000,0.000000,0.865000,0.000000,5.000000,300.000000,1.000000,2.000000,0.377651
000,0013,HASL_000_0013,56.889986,19.114472,0.730477,0.691856,1.000000,90.000000,5.800000,0.000000,0.865000,0.000000,5.000000,300.000000,1.000000,2.000000,0.388127
000,0012,HASL_000_0012,44.300816,28.430316,0.559860,0.936792,1.000000,90.000000,5.800000,0.000000,0.865000,0.000000,5.000000,300.000000,1.000000,2.000000,0.454118
000,0011,HASL_000_0011,36.152790,13.850690,0.703447,0.449377,1.000000,90.000000,5.800000,0.000000,0.865000,0.000000,5.000000,300.000000,1.000000,2.000000,0.450004
000,0010,HASL_000_0010,63.788575,25.948115,0.642706,0.784326,1.000000,90.000000,5.800000,0.000000,0.865000,0.000000,5.000000,300.000000,1.000000,2.000000,0.378050
000,0009,HASL_000_0009,49.690708,26.184285,0.740281,0.025099,1.000000,90.000000,5.800000,0.000000,0.865000,0.000000,5.000000,300.000000,1.000000,2.000000,0.437829
000,0008,HASL_000_0008,39.308073,20.744662,0.780270,0.756226,1.000000,90.000000,5.800000,0.000000,0.865000,0.000000,5.000000,300.000000,1.000000,2.000000,0.451941
000,0007,HASL_000_0007,60.579119,15.223681,0.773279,0.576817,1.000000,90.000000,5.800000,0.000000,0.865000,0.000000,5.000000,300.000000,1.000000,2.000000,0.383261
000,0006,HASL_000_0006,42.013131,19.140483,0.712768,0.876363,1.000000,90.000000,5.800000,0.000000,0.865000,0.000000,5.000000,300.000000,1.000000,2.000000,0.421685
000,0005,HASL_000_0005,56.883511,14.236317,0.814657,0.286140,1.000000,90.000000,5.800000,0.000000,0.865000,0.000000,5.000000,300.000000,1.000000,2.000000,0.397500
000,0004,HASL_000_0004,40.361270,20.364140,0.685283,0.539943,1.000000,90.000000,5.800000,0.000000,0.865000,0.000000,5.000000,300.000000,1.000000,2.000000,0.449979
000,0003,HASL_000_0003,40.932510,22.677585,0.719201,0.945353,1.000000,90.000000,5.800000,0.000000,0.865000,0.000000,5.000000,300.000000,1.000000,2.000000,0.444200
000,0002,HASL_000_0002,55.884478,24.804280,0.610132,0.705355,1.000000,90.000000,5.800000,0.000000,0.865000,0.000000,5.000000,300.000000,1.000000,2.000000,0.406974
000,0001,HASL_000_0001,38.515422,12.491134,0.414073,0.015448,1.000000,90.000000,5.800000,0.000000,0.865000,0.000000,5.000000,300.000000,1.000000,2.000000,0.447165
001,0200,HASL_001_0200,56.420169,30.000000,0.414073,0.456418,1.000000,90.000000,5.800000,0.000000,0.865000,0.000000,5.000000,300.000000,1.000000,2.000000,0.415654
001,0199,HASL_001_0199,66.902980,26.835442,0.900000,0.996195,1.000000,90.000000,5.800000,0.000000,0.865000,0.000000,5.000000,300.000000,1.000000,2.000000,0.374936
001,0198,HASL_001_0198,40.932510,22.677585,0.628582,0.142471,1.000000,90.000000,5.800000,0.000000,0.865000,0.000000,5.000000,300.000000,1.000000,2.000000,0.434075
001,0197,HASL_001_0197,47.828569,20.364140,0.872734,0.818690,1.000000,90.000000,5.800000,0.000000,0.865000,0.000000,5.000000,300.000000,1.000000,2.000000,0.431432
001,0196,HASL_001_0196,53.786901,18.723701,0.814657,0.715217,1.000000,90.000000,5.800000,0.000000,0.865000,0.000000,5.000000,300.000000,1.000000,2.000000,0.401841
001,0195,HASL_001_0195,61.486714,10.000000,0.712768,0.876363,1.000000,90.000000,5.800000,0.000000,0.865000,0.000000,5.000000,300.000000,1.000000,2.000000,0.370314
001,0194,HASL_001_0194,41.062223,18.680321,0.645755,0.365391,1.000000,90.000000,5.800000,0.000000,0.865000,0.000000,5.000000,300.000000,1.000000,2.000000,0.423400
001,0193,HASL_001_0193,39.308073,30.000000,0.780270,0.756226,1.000000,90.000000,5.800000,0.000000,0.865000,0.000000,5.000000,300.000000,1.000000,2.000000,0.461867
001,0192,HASL_001_0192,70.000000,26.184285,0.400000,0.025099,1.000000,90.000000,5.800000,0.000000,0.865000,0.000000,5.000000,300.000000,1.000000,2.000000,0.353202
001,0191,HASL_001_0191,49.708623,13.261140,0.642706,0.000000,1.000000,90.000000,5.800000,0.000000,0.865000,0.000000,5.000000,300.000000,1.000000,2.000000,0.420356
001,0190,HASL_001_0190,64.460778,13.850690,0.745464,0.242467,1.000000,90.000000,5.800000,0.000000,0.865000,0.000000,5.000000,300.000000,1.000000,2.000000,0.368599
001,0189,HASL_001_0189,44.300816,10.000000,0.583569,0.936792,1.000000,90.000000,5.800000,0.000000,0.865000,0.000000,5.000000,300.000000,1.000000,2.000000,0.431267
001,0188,HASL_001_0188,44.011945,10.000000,0.631237,0.795125,1.000000,90.000000,5.800000,0.000000,0.865000,0.000000,5.000000,300.000000,1.000000,2.000000,0.432323
001,0187,HASL_001_0187,41.382035,11.195782,0.611654,0.795061,1.000000,90.000000,5.800000,0.000000,0.865000,0.000000,5.000000,300.000000,1.000000,2.000000,0.435151
001,0186,HASL_001_0186,62.538482,23.837198,0.480213,0.108671,1.000000,90.000000,5.800000,0.000000,0.865000,0.000000,5.000000,300.000000,1.000000,2.000000,0.383489
001,0185,HASL_001_0185,61.699315,10.571797,0.409560,0.943255,1.000000,90.000000,5.800000,0.000000,0.865000,0.000000,5.000000,300.000000,1.000000,2.000000,0.375485
001,0184,HASL_001_0184,53.021298,20.239997,0.646008,0.330779,1.000000,90.000000,5.800000,0.000000,0.865000,0.000000,5.000000,300.000000,1.000000,2.000000,0.412785
001,0183,HASL_001_0183,43.212037,10.000000,0.500346,0.108993,1.000000,90.000000,5.800000,0.000000,0.865000,0.000000,5.000000,300.000000,1.000000,2.000000,0.433004
001,0182,HASL_001_0182,42.625349,11.675220,0.769217,0.675342,1.000000,90.000000,5.800000,0.000000,0.865000,0.000000,5.000000,300.000000,1.000000,2.000000,0.433844
001,0181,HASL_001_0181,40.833095,27.285951,0.897816,0.800950,1.000000,90.000000,5.800000,0.000000,0.865000,0.000000,5.000000,300.000000,1.000000,2.000000,0.464487
001,0180,HASL_001_0180,47.710766,17.961658,0.622360,0.689224,1.000000,90.000000,5.800000,0.000000,0.865000,0.000000,5.000000,300.000000,1.000000,2.000000,0.416661
001,0179,HASL_001_0179,63.064307,12.603906,0.842904,0.841540,1.000000,90.000000,5.800000,0.000000,0.865000,0.000000,5.000000,300.000000,1.000000,2.000000,0.371369
001,0178,HASL_001_0178,40.667546,28.728844,0.801168,0.345542,1.000000,90.000000,5.800000,0.000000,0.865000,0.000000,5.000000,300.000000,1.000000,2.000000,0.463774
001,0177,HASL_001_0177,42.733686,10.000000,0.835591,0.226716,1.000000,90.000000,5.800000,0.000000,0.865000,0.000000,5.000000,300.000000,1.000000,2.000000,0.437727
001,0176,HASL_001_0176,65.428337,14.919557,0.529336,0.144394,1.000000,90.000000,5.800000,0.000000,0.865000,0.000000,5.000000,300.000000,1.000000,2.000000,0.364217
001,0175,HASL_001_0175,46.404033,13.533691,0.547061,0.167830,1.000000,90.000000,5.800000,0.000000,0.865000,0.000000,5.000000,300.000000,1.000000,2.000000,0.428733
001,0174,HASL_001_0174,62.823775,22.054409,0.704165,0.063800,1.000000,90.000000,5.800000,0.000000,0.865000,0.000000,5.000000,300.000000,1.000000,2.000000,0.376346
001,0173,HASL_001_0173,45.779607,18.489842,0.796932,0.911894,1.000000,90.000000,5.800000,0.000000,0.865000,0.000000,5.000000,300.000000,1.000000,2.000000,0.421166
001,0172,HASL_001_0172,70.000000,25.537244,0.414287,0.348464,1.000000,90.000000,5.800000,0.000000,0.865000,0.000000,5.000000,300.000000,1.000000,2.000000,0.353940
001,0171,HASL_001_0171,56.671498,17.728358,0.603413,0.108857,1.000000,90.000000,5.800000,0.000000,0.865000,0.000000,5.000000,300.000000,1.000000,2.000000,0.391763
001,0170,HASL_001_0170,54.121810,18.497403,0.570827,0.479199,1.000000,90.000000,5.800000,0.000000,0.865000,0.000000,5.000000,300.000000,1.000000,2.000000,0.399205
001,0169,HASL_001_0169,50.547248,11.532624,0.512119,1.000000,1.000000,90.000000,5.800000,0.000000,0.865000,0.000000,5.000000,300.000000,1.000000,2.000000,0.411161
001,0168,HASL_001_0168,41.682835,16.362464,0.400000,0.913651,1.000000,90.000000,5.800000,0.000000,0.865000,0.000000,5.000000,300.000000,1.000000,2.000000,0.428397
001,0167,HASL_001_0167,35.000000,30.000000,0.886143,0.249026,1.000000,90.000000,5.800000,0.000000,0.865000,0.000000,5.000000,300.000000,1.000000,2.000000,0.464248
001,0166,HASL_001_0166,54.968435,27.124902,0.681999,1.000000,1.000000,90.000000,5.800000,0.000000,0.865000,0.000000,5.000000,300.000000,1.000000,2.000000,0.418286
001,0165,HASL_001_0165,62.161040,30.000000,0.537641,0.937527,1.000000,90.000000,5.800000,0.000000,0.865000,0.000000,5.000000,300.000000,1.000000,2.000000,0.389324
001,0164,HASL_001_0164,53.015773,24.682230,0.446886,0.570441,1.000000,90.000000,5.800000,0.000000,0.865000,0.000000,5.000000,300.000000,1.000000,2.000000,0.415392
001,0163,HASL_001_0163,53.939404,27.748831,0.899862,0.501693,1.000000,90.000000,5.800000,0.000000,0.865000,0.000000,5.000000,300.000000,1.000000,2.000000,0.424762
001,0162,HASL_001_0162,70.000000,15.815235,0.455728,0.811239,1.000000,90.000000,5.800000,0.000000,0.865000,0.000000,5.000000,300.000000,1.000000,2.000000,0.350282
001,0161,HASL_001_0161,61.122643,20.832721,0.652054,0.620490,1.000000,90.000000,5.800000,0.000000,0.865000,0.000000,5.000000,300.000000,1.000000,2.000000,0.383108
001,0160,HASL_001_0160,35.000000,19.828472,0.859277,0.557858,1.000000,90.000000,5.800000,0.000000,0.865000,0.000000,5.000000,300.000000,1.000000,2.000000,0.458913
001,0159,HASL_001_0159,70.000000,14.846614,0.400000,0.171581,1.000000,90.000000,5.800000,0.000000,0.865000,0.000000,5.000000,300.000000,1.000000,2.000000,0.347197
001,0158,HASL_001_0158,41.875494,26.726475,0.419314,0.930202,1.000000,90.000000,5.800000,0.000000,0.865000,0.000000,5.000000,300.000000,1.000000,2.000000,0.455417
001,0157,HASL_001_0157,58.297842,25.819316,0.900000,0.288104,1.000000,90.000000,5.800000,0.000000,0.865000,0.000000,5.000000,300.000000,1.000000,2.000000,0.399612
001,0156,HASL_001_0156,35.000000,21.216546,0.521522,0.530242,1.000000,90.000000,5.800000,0.000000,0.865000,0.000000,5.000000,300.000000,1.000000,2.000000,0.451129
001,0155,HASL_001_0155,68.255074,22.926713,0.781560,0.926595,1.000000,90.000000,5.800000,0.000000,0.865000,0.000000,5.000000,300.000000,1.000000,2.000000,0.363211
001,0154,HASL_001_0154,70.000000,30.000000,0.815576,1.000000,1.000000,90.000000,5.800000,0.000000,0.865000,0.000000,5.000000,300.000000,1.000000,2.000000,0.360656
001,0153,HASL_001_0153,48.901161,14.196206,0.400000,0.328522,1.000000,90.000000,5.800000,0.000000,0.865000,0.000000,5.000000,300.000000,1.000000,2.000000,0.419067
001,0152,HASL_001_0152,48.989089,30.000000,0.686323,0.971120,1.000000,90.000000,5.800000,0.000000,0.865000,0.000000,5.000000,300.000000,1.000000,2.000000,0.440542
001,0151,HASL_001_0151,36.821201,16.764718,0.900000,0.162500,1.000000,90.000000,5.800000,0.000000,0.865000,0.000000,5.000000,300.000000,1.000000,2.000000,0.435024
001,0150,HASL_001_0150,59.489526,14.296809,0.513026,0.766090,1.000000,90.000000,5.800000,0.000000,0.865000,0.000000,5.000000,300.000000,1.000000,2.000000,0.385727
001,0149,HASL_001_0149,43.317830,30.000000,0.429808,0.708244,1.000000,90.000000,5.800000,0.000000,0.865000,0.000000,5.000000,300.000000,1.000000,2.000000,0.452783
001,0148,HASL_001_0148,70.000000,19.332775,0.563471,0.847978,1.000000,90.000000,5.800000,0.000000,0.865000,0.000000,5.000000,300.000000,1.000000,2.000000,0.348376
001,0147,HASL_001_0147,37.077235,14.977120,0.900000,0.898536,1.000000,90.000000,5.800000,0.000000,0.865000,0.000000,5.000000,300.000000,1.000000,2.000000,0.447415
001,0146,HASL_001_0146,45.151143,29.002104,0.418963,0.237070,1.000000,90.000000,5.800000,0.000000,0.865000,0.000000,5.000000,300.000000,1.000000,2.000000,0.450950
001,0145,HASL_001_0145,65.435474,15.568149,0.808924,0.208289,1.000000,90.000000,5.800000,0.000000,0.865000,0.000000,5.000000,300.000000,1.000000,2.000000,0.369320
001,0144,HASL_001_0144,66.142062,10.000000,0.787472,0.450370,1.000000,90.000000,5.800000,0.000000,0.865000,0.000000,5.000000,300.000000,1.000000,2.000000,0.354443
001,0143,HASL_001_0143,45.898927,22.398739,0.788166,0.429598,1.000000,90.000000,5.800000,0.000000,0.865000,0.000000,5.000000,300.000000,1.000000,2.000000,0.437084
001,0142,HASL_001_0142,39.257820,19.307390,0.603289,0.838718,1.000000,90.000000,5.800000,0.000000,0.865000,0.000000,5.000000,300.000000,1.000000,2.000000,0.445815
001,0141,HASL_001_0141,52.714040,25.027476,0.900000,0.922896,1.000000,90.000000,5.800000,0.000000,0.865000,0.000000,5.000000,300.000000,1.000000,2.000000,0.419738
001,0140,HASL_001_0140,70.000000,14.351049,0.897418,0.609113,1.000000,90.000000,5.800000,0.000000,0.865000,0.000000,5.000000,300.000000,1.000000,2.000000,0.350202
001,0139,HASL_001_0139,53.470802,17.568744,0.692258,0.195122,1.000000,90.000000,5.800000,0.000000,0.865000,0.000000,5.000000,300.000000,1.000000,2.000000,0.403472
001,0138,HASL_001_0138,63.975169,29.728718,0.706810,0.000000,1.000000,90.000000,5.800000,0.000000,0.865000,0.000000,5.000000,300.000000,1.000000,2.000000,0.383542
001,0137,HASL_001_0137,56.564931,13.508842,0.400000,0.000000,1.000000,90.000000,5.800000,0.000000,0.865000,0.000000,5.000000,300.000000,1.000000,2.000000,0.395686
001,0136,HASL_001_0136,70.000000,10.000000,0.681101,1.000000,1.000000,90.000000,5.800000,0.000000,0.865000,0.000000,5.000000,300.000000,1.000000,2.000000,0.342163
001,0135,HASL_001_0135,46.072008,25.070514,0.846969,0.948417,1.000000,90.000000,5.800000,0.000000,0.865000,0.000000,5.000000,300.000000,1.000000,2.000000,0.451852
001,0134,HASL_001_0134,55.298861,14.264655,0.889233,0.484145,1.000000,90.000000,5.800000,0.000000,0.865000,0.000000,5.000000,300.000000,1.000000,2.000000,0.403495
001,0133,HASL_001_0133,35.000000,16.531352,0.568178,0.293665,1.000000,90.000000,5.800000,0.000000,0.865000,0.000000,5.000000,300.000000,1.000000,2.000000,0.434667
001,0132,HASL_001_0132,62.433093,20.056537,0.480405,0.701404,1.000000,90.000000,5.800000,0.000000,0.865000,0.000000,5.000000,300.000000,1.000000,2.000000,0.377973
001,0131,HASL_001_0131,35.000000,26.812069,0.717850,0.043429,1.000000,90.000000,5.800000,0.000000,0.865000,0.000000,5.000000,300.000000,1.000000,2.000000,0.467213
001,0130,HASL_001_0130,61.097260,20.022743,0.900000,0.095640,1.000000,90.000000,5.800000,0.000000,0.865000,0.000000,5.000000,300.000000,1.000000,2.000000,0.385770
001,0129,HASL_001_0129,70.000000,10.000000,0.736910,0.686387,1.000000,90.000000,5.800000,0.000000,0.865000,0.000000,5.000000,300.000000,1.000000,2.000000,0.341120
001,0128,HASL_001_0128,37.799141,22.576893,0.829279,0.937642,1.000000,90.000000,5.800000,0.000000,0.865000,0.000000,5.000000,300.000000,1.000000,2.000000,0.449352
001,0127,HASL_001_0127,65.214868,19.466689,0.900000,0.766678,1.000000,90.000000,5.800000,0.000000,0.865000,0.000000,5.000000,300.000000,1.000000,2.000000,0.375039
001,0126,HASL_001_0126,35.000000,28.416759,0.492299,0.121320,1.000000,90.000000,5.800000,0.000000,0.865000,0.000000,5.000000,300.000000,1.000000,2.000000,0.466248
001,0125,HASL_001_0125,35.000000,14.003885,0.400000,0.000000,1.000000,90.000000,5.800000,0.000000,0.865000,0.000000,5.000000,300.000000,1.000000,2.000000,0.446292
001,0124,HASL_001_0124,50.005524,20.602099,0.400000,0.173074,1.000000,90.000000,5.800000,0.000000,0.865000,0.000000,5.000000,300.000000,1.000000,2.000000,0.425764
001,0123,HASL_001_0123,40.295259,25.037519,0.572692,1.000000,1.000000,90.000000,5.800000,0.000000,0.865000,0.000000,5.000000,300.000000,1.000000,2.000000,0.463592
001,0122,HASL_001_0122,65.409739,21.522572,0.400000,0.745023,1.000000,90.000000,5.800000,0.000000,0.865000,0.000000,5.000000,300.000000,1.000000,2.000000,0.365048
001,0121,HASL_001_0121,44.792519,16.234858,0.830268,0.361280,1.000000,90.000000,5.800000,0.000000,0.865000,0.000000,5.000000,300.000000,1.000000,2.000000,0.423071
001,0120,HASL_001_0120,40.358365,16.064429,0.571119,0.665722,1.000000,90.000000,5.800000,0.000000,0.865000,0.000000,5.000000,300.000000,1.000000,2.000000,0.429085
001,0119,HASL_001_0119,35.193839,10.000000,0.888405,0.416525,1.000000,90.000000,5.800000,0.000000,0.865000,0.000000,5.000000,300.000000,1.000000,2.000000,0.447950
001,0118,HASL_001_0118,35.000000,25.577347,0.610259,0.513177,1.000000,90.000000,5.800000,0.000000,0.865000,0.000000,5.000000,300.000000,1.000000,2.000000,0.469160
001,0117,HASL_001_0117,65.601072,16.072082,0.900000,0.605707,1.000000,90.000000,5.800000,0.000000,0.865000,0.000000,5.000000,300.000000,1.000000,2.000000,0.369383
001,0116,HASL_001_0116,70.000000,28.121436,0.594337,0.741448,1.000000,90.000000,5.800000,0.000000,0.865000,0.000000,5.000000,300.000000,1.000000,2.000000,0.360363
001,0115,HASL_001_0115,40.282624,10.000000,0.613923,0.191696,1.000000,90.000000,5.800000,0.000000,0.865000,0.000000,5.000000,300.000000,1.000000,2.000000,0.440136
001,0114,HASL_001_0114,54.779123,16.884582,0.400000,0.908622,1.000000,90.000000,5.800000,0.000000,0.865000,0.000000,5.000000,300.000000,1.000000,2.000000,0.398502
001,0113,HASL_001_0113,51.898417,18.440211,0.793116,0.451642,1.000000,90.000000,5.800000,0.000000,0.865000,0.000000,5.000000,300.000000,1.000000,2.000000,0.407003
001,0112,HASL_001_0112,44.813436,22.621485,0.446901,0.606747,1.000000,90.000000,5.800000,0.000000,0.865000,0.000000,5.000000,300.000000,1.000000,2.000000,0.429030
001,0111,HASL_001_0111,69.394648,10.000000,0.523449,0.746024,1.000000,90.000000,5.800000,0.000000,0.865000,0.000000,5.000000,300.000000,1.000000,2.000000,0.343295
001,0110,HASL_001_0110,51.930673,30.000000,0.885565,0.000000,1.000000,90.000000,5.800000,0.000000,0.865000,0.000000,5.000000,300.000000,1.000000,2.000000,0.431296
001,0109,HASL_001_0109,53.302822,13.365879,0.791837,0.959554,1.000000,90.000000,5.800000,0.000000,0.865000,0.000000,5.000000,300.000000,1.000000,2.000000,0.407987
001,0108,HASL_001_0108,47.374192,10.000000,0.481992,0.166287,1.000000,90.000000,5.800000,0.000000,0.865000,0.000000,5.000000,300.000000,1.000000,2.000000,0.421761
001,0107,HASL_001_0107,54.844164,15.235981,0.728069,0.000000,1.000000,90.000000,5.800000,0.000000,0.865000,0.000000,5.000000,300.000000,1.000000,2.000000,0.402127
001,0106,HASL_001_0106,48.927559,19.819407,0.775509,0.300006,1.000000,90.000000,5.800000,0.000000,0.865000,0.000000,5.000000,300.000000,1.000000,2.000000,0.427646
001,0105,HASL_001_0105,55.558737,10.000000,0.471688,0.793513,1.000000,90.000000,5.800000,0.000000,0.865000,0.000000,5.000000,300.000000,1.000000,2.000000,0.396233
001,0104,HASL_001_0104,39.077826,30.000000,0.400000,0.111262,1.000000,90.000000,5.800000,0.000000,0.865000,0.000000,5.000000,300.000000,1.000000,2.000000,0.459388
001,0103,HASL_001_0103,49.736448,11.583645,0.851303,0.438429,1.000000,90.000000,5.800000,0.000000,0.865000,0.000000,5.000000,300.000000,1.000000,2.000000,0.416893
001,0102,HASL_001_0102,55.721623,10.535084,0.693156,0.545430,1.000000,90.000000,5.800000,0.000000,0.865000,0.000000,5.000000,300.000000,1.000000,2.000000,0.397503
001,0101,HASL_001_0101,35.000000,13.372579,0.780751,0.646653,1.000000,90.000000,5.800000,0.000000,0.865000,0.000000,5.000000,300.000000,1.000000,2.000000,0.453215
001,0100,HASL_001_0100,52.677534,17.839803,0.725677,0.718457,1.000000,90.000000,5.800000,0.000000,0.865000,0.000000,5.000000,300.000000,1.000000,2.000000,0.405459
001,0099,HASL_001_0099,57.902415,12.741008,0.528140,0.682985,1.000000,90.000000,5.800000,0.000000,0.865000,0.000000,5.000000,300.000000,1.000000,2.000000,0.391621
001,0098,HASL_001_0098,70.000000,21.471142,0.418963,0.979549,1.000000,90.000000,5.800000,0.000000,0.865000,0.000000,5.000000,300.000000,1.000000,2.000000,0.348441
001,0097,HASL_001_0097,43.978333,25.979553,0.635682,1.000000,1.000000,90.000000,5.800000,0.000000,0.865000,0.000000,5.000000,300.000000,1.000000,2.000000,0.454026
001,0096,HASL_001_0096,48.585547,28.347323,0.696803,0.000000,1.000000,90.000000,5.800000,0.000000,0.865000,0.000000,5.000000,300.000000,1.000000,2.000000,0.440467
001,0095,HASL_001_0095,35.000000,10.630340,0.757549,0.352927,1.000000,90.000000,5.800000,0.000000,0.865000,0.000000,5.000000,300.000000,1.000000,2.000000,0.446247
001,0094,HASL_001_0094,67.570043,15.925711,0.438143,0.490856,1.000000,90.000000,5.800000,0.000000,0.865000,0.000000,5.000000,300.000000,1.000000,2.000000,0.358852
001,0093,HASL_001_0093,49.187870,11.788301,0.751135,0.369723,1.000000,90.000000,5.800000,0.000000,0.865000,0.000000,5.000000,300.000000,1.000000,2.000000,0.420592
001,0092,HASL_001_0092,53.182030,11.314533,0.602506,0.714511,1.000000,90.000000,5.800000,0.000000,0.865000,0.000000,5.000000,300.000000,1.000000,2.000000,0.404492
001,0091,HASL_001_0091,51.627350,20.820784,0.565335,0.187739,1.000000,90.000000,5.800000,0.000000,0.865000,0.000000,5.000000,300.000000,1.000000,2.000000,0.421801
001,0090,HASL_001_0090,70.000000,10.000000,0.716135,0.558324,1.000000,90.000000,5.800000,0.000000,0.865000,0.000000,5.000000,300.000000,1.000000,2.000000,0.342616
001,0089,HASL_001_0089,48.531135,18.583636,0.900000,1.000000,1.000000,90.000000,5.800000,0.000000,0.865000,0.000000,5.000000,300.000000,1.000000,2.000000,0.416005
001,0088,HASL_001_0088,44.210746,30.000000,0.400000,0.217014,1.000000,90.000000,5.800000,0.000000,0.865000,0.000000,5.000000,300.000000,1.000000,2.000000,0.450602
001,0087,HASL_001_0087,52.719227,22.334733,0.783236,0.246769,1.000000,90.000000,5.800000,0.000000,0.865000,0.000000,5.000000,300.000000,1.000000,2.000000,0.418045
001,0086,HASL_001_0086,49.365020,21.562601,0.900000,0.528089,1.000000,90.000000,5.800000,0.000000,0.865000,0.000000,5.000000,300.000000,1.000000,2.000000,0.430176
001,0085,HASL_001_0085,54.974290,26.538237,0.577929,0.917571,1.000000,90.000000,5.800000,0.000000,0.865000,0.000000,5.000000,300.000000,1.000000,2.000000,0.418177
001,0084,HASL_001_0084,38.035923,24.792105,0.604845,0.648552,1.000000,90.000000,5.800000,0.000000,0.865000,0.000000,5.000000,300.000000,1.000000,2.000000,0.468657
001,0083,HASL_001_0083,35.000000,25.205997,0.878532,0.176715,1.000000,90.000000,5.800000,0.000000,0.865000,0.000000,5.000000,300.000000,1.000000,2.000000,0.473372
001,0082,HASL_001_0082,62.439101,10.000000,0.439024,0.000000,1.000000,90.000000,5.800000,0.000000,0.865000,0.000000,5.000000,300.000000,1.000000,2.000000,0.373701
001,0081,HASL_001_0081,35.173481,13.797156,0.859098,0.383603,1.000000,90.000000,5.800000,0.000000,0.865000,0.000000,5.000000,300.000000,1.000000,2.000000,0.451779
001,0080,HASL_001_0080,54.207767,27.867740,0.865833,0.415878,1.000000,90.000000,5.800000,0.000000,0.865000,0.000000,5.000000,300.000000,1.000000,2.000000,0.423099
001,0079,HASL_001_0079,56.199645,29.426369,0.522200,0.000000,1.000000,90.000000,5.800000,0.000000,0.865000,0.000000,5.000000,300.000000,1.000000,2.000000,0.412225
001,0078,HASL_001_0078,50.461748,10.715088,0.592101,0.415174,1.000000,90.000000,5.800000,0.000000,0.865000,0.000000,5.000000,300.000000,1.000000,2.000000,0.413494
001,0077,HASL_001_0077,61.143854,16.652429,0.891699,0.481177,1.000000,90.000000,5.800000,0.000000,0.865000,0.000000,5.000000,300.000000,1.000000,2.000000,0.385056
001,0076,HASL_001_0076,57.429572,18.250532,0.521248,0.417486,1.000000,90.000000,5.800000,0.000000,0.865000,0.000000,5.000000,300.000000,1.000000,2.000000,0.388544
001,0075,HASL_001_0075,56.702273,12.962197,0.532459,0.950433,1.000000,90.000000,5.800000,0.000000,0.865000,0.000000,5.000000,300.000000,1.000000,2.000000,0.393841
001,0074,HASL_001_0074,68.294275,18.858785,0.638718,0.236350,1.000000,90.000000,5.800000,0.000000,0.865000,0.000000,5.000000,300.000000,1.000000,2.000000,0.355064
001,0073,HASL_001_0073,41.110131,15.800278,0.536173,0.715489,1.000000,90.000000,5.800000,0.000000,0.865000,0.000000,5.000000,300.000000,1.000000,2.000000,0.431640
001,0072,HASL_001_0072,70.000000,14.327562,0.413165,0.405329,1.000000,90.000000,5.800000,0.000000,0.865000,0.000000,5.000000,300.000000,1.000000,2.000000,0.347148
001,0071,HASL_001_0071,35.230971,28.273114,0.900000,0.052016,1.000000,90.000000,5.800000,0.000000,0.865000,0.000000,5.000000,300.000000,1.000000,2.000000,0.469233
001,0070,HASL_001_0070,66.635663,17.394449,0.707153,0.290051,1.000000,90.000000,5.800000,0.000000,0.865000,0.000000,5.000000,300.000000,1.000000,2.000000,0.359635
001,0069,HASL_001_0069,38.244443,23.719138,0.544845,0.181845,1.000000,90.000000,5.800000,0.000000,0.865000,0.000000,5.000000,300.000000,1.000000,2.000000,0.470526
001,0068,HASL_001_0068,70.000000,24.110534,0.400000,0.139740,1.000000,90.000000,5.800000,0.000000,0.865000,0.000000,5.000000,300.000000,1.000000,2.000000,0.354350
001,0067,HASL_001_0067,69.677499,12.274919,0.647177,0.235611,1.000000,90.000000,5.800000,0.000000,0.865000,0.000000,5.000000,300.000000,1.000000,2.000000,0.346761
001,0066,HASL_001_0066,64.638396,15.747447,0.700018,0.033193,1.000000,90.000000,5.800000,0.000000,0.865000,0.000000,5.000000,300.000000,1.000000,2.000000,0.371591
001,0065,HASL_001_0065,51.667519,19.596124,0.487362,0.032847,1.000000,90.000000,5.800000,0.000000,0.865000,0.000000,5.000000,300.000000,1.000000,2.000000,0.403376
001,0064,HASL_001_0064,43.848010,18.633584,0.506317,0.766921,1.000000,90.000000,5.800000,0.000000,0.865000,0.000000,5.000000,300.000000,1.000000,2.000000,0.418729
001,0063,HASL_001_0063,59.198049,22.184383,0.574235,0.718734,1.000000,90.000000,5.800000,0.000000,0.865000,0.000000,5.000000,300.000000,1.000000,2.000000,0.395212
001,0062,HASL_001_0062,63.073351,10.000000,0.675018,0.785479,1.000000,90.000000,5.800000,0.000000,0.865000,0.000000,5.000000,300.000000,1.000000,2.000000,0.364869
001,0061,HASL_001_0061,70.000000,10.000000,0.851227,0.000000,1.000000,90.000000,5.800000,0.000000,0.865000,0.000000,5.000000,300.000000,1.000000,2.000000,0.343204
001,0060,HASL_001_0060,44.208482,18.946036,0.501872,0.590678,1.000000,90.000000,5.800000,0.000000,0.865000,0.000000,5.000000,300.000000,1.000000,2.000000,0.420590
001,0059,HASL_001_0059,44.064894,10.000000,0.422253,0.368226,1.000000,90.000000,5.800000,0.000000,0.865000,0.000000,5.000000,300.000000,1.000000,2.000000,0.430123
001,0058,HASL_001_0058,35.421530,29.024670,0.603887,0.026796,1.000000,90.000000,5.800000,0.000000,0.865000,0.000000,5.000000,300.000000,1.000000,2.000000,0.466109
001,0057,HASL_001_0057,65.519038,10.843921,0.400000,0.359056,1.000000,90.000000,5.800000,0.000000,0.865000,0.000000,5.000000,300.000000,1.000000,2.000000,0.362353
001,0056,HASL_001_0056,60.866003,10.000000,0.900000,0.060289,1.000000,90.000000,5.800000,0.000000,0.865000,0.000000,5.000000,300.000000,1.000000,2.000000,0.373914
001,0055,HASL_001_0055,52.385523,29.677251,0.900000,0.617384,1.000000,90.000000,5.800000,0.000000,0.865000,0.000000,5.000000,300.000000,1.000000,2.000000,0.427086
001,0054,HASL_001_0054,69.208500,10.000000,0.526594,0.015663,1.000000,90.000000,5.800000,0.000000,0.865000,0.000000,5.000000,300.000000,1.000000,2.000000,0.343752
001,0053,HASL_001_0053,67.658111,28.618533,0.576298,0.947408,1.000000,90.000000,5.800000,0.000000,0.865000,0.000000,5.000000,300.000000,1.000000,2.000000,0.369486
001,0052,HASL_001_0052,47.959859,23.231447,0.900000,0.802507,1.000000,90.000000,5.800000,0.000000,0.865000,0.000000,5.000000,300.000000,1.000000,2.000000,0.436876
001,0051,HASL_001_0051,65.891639,21.929782,0.684512,0.689470,1.000000,90.000000,5.800000,0.000000,0.865000,0.000000,5.000000,300.000000,1.000000,2.000000,0.365069
001,0050,HASL_001_0050,35.000000,29.057133,0.668619,0.967766,1.000000,90.000000,5.800000,0.000000,0.865000,0.000000,5.000000,300.000000,1.000000,2.000000,0.465248
001,0049,HASL_001_0049,58.824815,10.000000,0.812344,0.355039,1.000000,90.000000,5.800000,0.000000,0.865000,0.000000,5.000000,300.000000,1.000000,2.000000,0.379294
001,0048,HASL_001_0048,59.299848,15.363845,0.514442,0.501629,1.000000,90.000000,5.800000,0.000000,0.865000,0.000000,5.000000,300.000000,1.000000,2.000000,0.385399
001,0047,HASL_001_0047,49.225648,12.265456,0.650004,0.184471,1.000000,90.000000,5.800000,0.000000,0.865000,0.000000,5.000000,300.000000,1.000000,2.000000,0.420277
001,0046,HASL_001_0046,35.000000,29.731412,0.808871,0.546643,1.000000,90.000000,5.800000,0.000000,0.865000,0.000000,5.000000,300.000000,1.000000,2.000000,0.464516
001,0045,HASL_001_0045,60.864267,19.359060,0.400000,0.044051,1.000000,90.000000,5.800000,0.000000,0.865000,0.000000,5.000000,300.000000,1.000000,2.000000,0.377341
001,0044,HASL_001_0044,42.726310,18.524485,0.400000,0.507335,1.000000,90.000000,5.800000,0.000000,0.865000,0.000000,5.000000,300.000000,1.000000,2.000000,0.422221
001,0043,HASL_001_0043,58.226087,26.300101,0.570549,0.902370,1.000000,90.000000,5.800000,0.000000,0.865000,0.000000,5.000000,300.000000,1.000000,2.000000,0.406892
001,0042,HASL_001_0042,55.753731,10.000000,0.644095,0.035316,1.000000,90.000000,5.800000,0.000000,0.865000,0.000000,5.000000,300.000000,1.000000,2.000000,0.397463
001,0041,HASL_001_0041,54.890491,13.223185,0.614883,0.497691,1.000000,90.000000,5.800000,0.000000,0.865000,0.000000,5.000000,300.000000,1.000000,2.000000,0.403585
001,0040,HASL_001_0040,35.668387,20.098481,0.790768,0.330912,1.000000,90.000000,5.800000,0.000000,0.865000,0.000000,5.000000,300.000000,1.000000,2.000000,0.457351
001,0039,HASL_001_0039,35.000000,17.524402,0.793718,0.571266,1.000000,90.000000,5.800000,0.000000,0.865000,0.000000,5.000000,300.000000,1.000000,2.000000,0.435470
001,0038,HASL_001_0038,67.694281,15.134334,0.434712,0.073953,1.000000,90.000000,5.800000,0.000000,0.865000,0.000000,5.000000,300.000000,1.000000,2.000000,0.355539
001,0037,HASL_001_0037,50.628279,21.891428,0.730068,0.211415,1.000000,90.000000,5.800000,0.000000,0.865000,0.000000,5.000000,300.000000,1.000000,2.000000,0.421794
001,0036,HASL_001_0036,40.366636,29.004388,0.593825,0.842374,1.000000,90.000000,5.800000,0.000000,0.865000,0.000000,5.000000,300.000000,1.000000,2.000000,0.461786
001,0035,HASL_001_0035,70.000000,14.053668,0.438622,0.363536,1.000000,90.000000,5.800000,0.000000,0.865000,0.000000,5.000000,300.000000,1.000000,2.000000,0.347267
001,0034,HASL_001_0034,49.083134,30.000000,0.843933,0.541587,1.000000,90.000000,5.800000,0.000000,0.865000,0.000000,5.000000,300.000000,1.000000,2.000000,0.441119
001,0033,HASL_001_0033,44.150184,18.558509,0.821825,0.559182,1.000000,90.000000,5.800000,0.000000,0.865000,0.000000,5.000000,300.000000,1.000000,2.000000,0.424492
001,0032,HASL_001_0032,62.753892,29.440251,0.535476,1.000000,1.000000,90.000000,5.800000,0.000000,0.865000,0.000000,5.000000,300.000000,1.000000,2.000000,0.387528
001,0031,HASL_001_0031,62.856363,29.330019,0.708646,0.951533,1.000000,90.000000,5.800000,0.000000,0.865000,0.000000,5.000000,300.000000,1.000000,2.000000,0.388428
001,0030,HASL_001_0030,42.603403,16.013367,0.883370,0.315114,1.000000,90.000000,5.800000,0.000000,0.865000,0.000000,5.000000,300.000000,1.000000,2.000000,0.431998
001,0029,HASL_001_0029,56.522609,24.045133,0.628754,0.008293,1.000000,90.000000,5.800000,0.000000,0.865000,0.000000,5.000000,300.000000,1.000000,2.000000,0.405508
001,0028,HASL_001_0028,70.000000,29.727742,0.533299,0.012562,1.000000,90.000000,5.800000,0.000000,0.865000,0.000000,5.000000,300.000000,1.000000,2.000000,0.359519
001,0027,HASL_001_0027,70.000000,17.037249,0.819837,0.462023,1.000000,90.000000,5.800000,0.000000,0.865000,0.000000,5.000000,300.000000,1.000000,2.000000,0.352094
001,0026,HASL_001_0026,66.921344,10.733317,0.599159,0.635015,1.000000,90.000000,5.800000,0.000000,0.865000,0.000000,5.000000,300.000000,1.000000,2.000000,0.351181
001,0025,HASL_001_0025,40.132962,14.921686,0.851543,0.629574,1.000000,90.000000,5.800000,0.000000,0.865000,0.000000,5.000000,300.000000,1.000000,2.000000,0.443851
001,0024,HASL_001_0024,49.020157,25.480652,0.671849,0.999824,1.000000,90.000000,5.800000,0.000000,0.865000,0.000000,5.000000,300.000000,1.000000,2.000000,0.440668
001,0023,HASL_001_0023,43.657931,12.666708,0.900000,0.215852,1.000000,90.000000,5.800000,0.000000,0.865000,0.000000,5.000000,300.000000,1.000000,2.000000,0.441155
001,0022,HASL_001_0022,65.234798,10.511841,0.862882,0.659035,1.000000,90.000000,5.800000,0.000000,0.865000,0.000000,5.000000,300.000000,1.000000,2.000000,0.358920
001,0021,HASL_001_0021,60.236412,14.685714,0.531388,0.000000,1.000000,90.000000,5.800000,0.000000,0.865000,0.000000,5.000000,300.000000,1.000000,2.000000,0.383343
001,0020,HASL_001_0020,65.371911,12.216629,0.572938,0.594604,1.000000,90.000000,5.800000,0.000000,0.865000,0.000000,5.000000,300.000000,1.000000,2.000000,0.361511
001,0019,HASL_001_0019,70.000000,15.930904,0.462863,0.093378,1.000000,90.000000,5.800000,0.000000,0.865000,0.000000,5.000000,300.000000,1.000000,2.000000,0.350105
001,0018,HASL_001_0018,49.765703,23.263295,0.858306,0.702451,1.000000,90.000000,5.800000,0.000000,0.865000,0.000000,5.000000,300.000000,1.000000,2.000000,0.431271
001,0017,HASL_001_0017,58.466037,10.148414,0.776726,0.565671,1.000000,90.000000,5.800000,0.000000,0.865000,0.000000,5.000000,300.000000,1.000000,2.000000,0.379798
001,0016,HASL_001_0016,35.000000,29.241197,0.687092,0.866663,1.000000,90.000000,5.800000,0.000000,0.865000,0.000000,5.000000,300.000000,1.000000,2.000000,0.465120
001,0015,HASL_001_0015,37.853745,20.579915,0.575322,0.300840,1.000000,90.000000,5.800000,0.000000,0.865000,0.000000,5.000000,300.000000,1.000000,2.000000,0.450458
001,0014,HASL_001_0014,38.429913,18.573870,0.541230,0.149627,1.000000,90.000000,5.800000,0.000000,0.865000,0.000000,5.000000,300.000000,1.000000,2.000000,0.426037
001,0013,HASL_001_0013,70.000000,26.794767,0.771724,0.829421,1.000000,90.000000,5.800000,0.000000,0.865000,0.000000,5.000000,300.000000,1.000000,2.000000,0.354280
001,0012,HASL_001_0012,43.817149,23.733023,0.900000,1.000000,1.000000,90.000000,5.800000,0.000000,0.865000,0.000000,5.000000,300.000000,1.000000,2.000000,0.446587
001,0011,HASL_001_0011,70.000000,25.177556,0.891766,1.000000,1.000000,90.000000,5.800000,0.000000,0.865000,0.000000,5.000000,300.000000,1.000000,2.000000,0.355777
001,0010,HASL_001_0010,70.000000,22.794943,0.519954,0.660725,1.000000,90.000000,5.800000,0.000000,0.865000,0.000000,5.000000,300.000000,1.000000,2.000000,0.355512
001,0009,HASL_001_0009,48.153668,29.706371,0.400000,0.000000,1.000000,90.000000,5.800000,0.000000,0.865000,0.000000,5.000000,300.000000,1.000000,2.000000,0.441385
001,0008,HASL_001_0008,62.808780,28.369125,0.658532,0.429239,1.000000,90.000000,5.800000,0.000000,0.865000,0.000000,5.000000,300.000000,1.000000,2.000000,0.388948
001,0007,HASL_001_0007,46.070196,15.891731,0.887714,0.052073,1.000000,90.000000,5.800000,0.000000,0.865000,0.000000,5.000000,300.000000,1.000000,2.000000,0.428531
001,0006,HASL_001_0006,62.073079,16.444585,0.736345,0.423466,1.000000,90.000000,5.800000,0.000000,0.865000,0.000000,5.000000,300.000000,1.000000,2.000000,0.380773
001,0005,HASL_001_0005,69.081212,10.000000,0.715680,0.527920,1.000000,90.000000,5.800000,0.000000,0.865000,0.000000,5.000000,300.000000,1.000000,2.000000,0.344035
001,0004,HASL_001_0004,44.526048,14.350427,0.638445,0.674681,1.000000,90.000000,5.800000,0.000000,0.865000,0.000000,5.000000,300.000000,1.000000,2.000000,0.433176
001,0003,HASL_001_0003,65.389599,20.800677,0.830320,0.033367,1.000000,90.000000,5.800000,0.000000,0.865000,0.000000,5.000000,300.000000,1.000000,2.000000,0.368521
001,0002,HASL_001_0002,47.879462,23.289777,0.530754,0.000000,1.000000,90.000000,5.800000,0.000000,0.865000,0.000000,5.000000,300.000000,1.000000,2.000000,0.421976
001,0001,HASL_001_0001,39.566861,23.384478,0.552439,0.398592,1.000000,90.000000,5.800000,0.000000,0.865000,0.000000,5.000000,300.000000,1.000000,2.000000,0.433432
002,0200,HASL_002_0200,38.515422,13.276820,0.414073,0.585368,1.000000,90.000000,5.800000,0.000000,0.865000,0.000000,5.000000,300.000000,1.000000,2.000000,0.445386
002,0199,HASL_002_0199,47.879462,23.289777,0.405938,0.000000,1.000000,90.000000,5.800000,0.000000,0.865000,0.000000,5.000000,300.000000,1.000000,2.000000,0.419018
002,0198,HASL_002_0198,42.765848,16.271284,0.400000,0.376606,1.000000,90.000000,5.800000,0.000000,0.865000,0.000000,5.000000,300.000000,1.000000,2.000000,0.427334
002,0197,HASL_002_0197,35.000000,20.364140,0.685283,0.034858,1.000000,90.000000,5.800000,0.000000,0.865000,0.000000,5.000000,300.000000,1.000000,2.000000,0.455997
002,0196,HASL_002_0196,56.883511,17.361826,0.686281,0.906109,1.000000,90.000000,5.800000,0.000000,0.865000,0.000000,5.000000,300.000000,1.000000,2.000000,0.393591
002,0195,HASL_002_0195,45.005113,19.140483,0.712768,0.961843,1.000000,90.000000,5.800000,0.000000,0.865000,0.000000,5.000000,300.000000,1.000000,2.000000,0.420718
002,0194,HASL_002_0194,42.394161,17.726489,0.887714,0.304493,1.000000,90.000000,5.800000,0.000000,0.865000,0.000000,5.000000,300.000000,1.000000,2.000000,0.428898
002,0193,HASL_002_0193,39.308073,12.273114,0.780270,0.255855,1.000000,90.000000,5.800000,0.000000,0.865000,0.000000,5.000000,300.000000,1.000000,2.000000,0.450189
002,0192,HASL_002_0192,51.656314,30.000000,0.400000,1.000000,1.000000,90.000000,5.800000,0.000000,0.865000,0.000000,5.000000,300.000000,1.000000,2.000000,0.430982
002,0191,HASL_002_0191,40.100433,25.669131,0.400000,0.850704,1.000000,90.000000,5.800000,0.000000,0.865000,0.000000,5.000000,300.000000,1.000000,2.000000,0.461209
002,0190,HASL_002_0190,54.636885,27.625914,0.900000,0.449377,1.000000,90.000000,5.800000,0.000000,0.865000,0.000000,5.000000,300.000000,1.000000,2.000000,0.422474
002,0189,HASL_002_0189,62.338933,28.430316,0.659460,0.926674,1.000000,90.000000,5.800000,0.000000,0.865000,0.000000,5.000000,300.000000,1.000000,2.000000,0.390839
002,0188,HASL_002_0188,70.000000,15.675499,0.658123,0.546514,1.000000,90.000000,5.800000,0.000000,0.865000,0.000000,5.000000,300.000000,1.000000,2.000000,0.351514
002,0187,HASL_002_0187,43.226998,27.091455,0.541230,0.000000,1.000000,90.000000,5.800000,0.000000,0.865000,0.000000,5.000000,300.000000,1.000000,2.000000,0.452664
002,0186,HASL_002_0186,35.000000,25.868261,0.564473,0.300840,1.000000,90.000000,5.800000,0.000000,0.865000,0.000000,5.000000,300.000000,1.000000,2.000000,0.468621
002,0185,HASL_002_0185,35.000000,17.482776,0.493347,0.401580,1.000000,90.000000,5.800000,0.000000,0.865000,0.000000,5.000000,300.000000,1.000000,2.000000,0.431614
002,0184,HASL_002_0184,53.021298,14.532942,0.535531,0.742340,1.000000,90.000000,5.800000,0.000000,0.865000,0.000000,5.000000,300.000000,1.000000,2.000000,0.407155
002,0183,HASL_002_0183,35.000000,23.263295,0.858306,0.702451,1.000000,90.000000,5.800000,0.000000,0.865000,0.000000,5.000000,300.000000,1.000000,2.000000,0.458324
002,0182,HASL_002_0182,66.575329,11.787703,0.769217,0.675342,1.000000,90.000000,5.800000,0.000000,0.865000,0.000000,5.000000,300.000000,1.000000,2.000000,0.358547
002,0181,HASL_002_0181,35.000000,26.819181,0.575620,0.691606,1.000000,90.000000,5.800000,0.000000,0.865000,0.000000,5.000000,300.000000,1.000000,2.000000,0.465965
002,0180,HASL_002_0180,54.346430,16.953628,0.900000,0.908050,1.000000,90.000000,5.800000,0.000000,0.865000,0.000000,5.000000,300.000000,1.000000,2.000000,0.402746
002,0179,HASL_002_0179,44.109542,28.785873,0.716603,0.814802,1.000000,90.000000,5.800000,0.000000,0.865000,0.000000,5.000000,300.000000,1.000000,2.000000,0.456028
002,0178,HASL_002_0178,43.719142,12.666708,0.900000,0.215852,1.000000,90.000000,5.800000,0.000000,0.865000,0.000000,5.000000,300.000000,1.000000,2.000000,0.441036
002,0177,HASL_002_0177,42.733686,16.477239,0.507362,0.196241,1.000000,90.000000,5.800000,0.000000,0.865000,0.000000,5.000000,300.000000,1.000000,2.000000,0.427943
002,0176,HASL_002_0176,39.464592,22.277211,0.782150,0.658576,1.000000,90.000000,5.800000,0.000000,0.865000,0.000000,5.000000,300.000000,1.000000,2.000000,0.446536
002,0175,HASL_002_0175,67.065631,28.741284,0.677646,0.633368,1.000000,90.000000,5.800000,0.000000,0.865000,0.000000,5.000000,300.000000,1.000000,2.000000,0.372205
002,0174,HASL_002_0174,64.146433,27.273178,0.580181,0.000000,1.000000,90.000000,5.800000,0.000000,0.865000,0.000000,5.000000,300.000000,1.000000,2.000000,0.384089
002,0173,HASL_002_0173,40.584147,18.489842,0.545331,0.552858,1.000000,90.000000,5.800000,0.000000,0.865000,0.000000,5.000000,300.000000,1.000000,2.000000,0.423826
002,0172,HASL_002_0172,56.522609,10.000000,0.628754,0.119311,1.000000,90.000000,5.800000,0.000000,0.865000,0.000000,5.000000,300.000000,1.000000,2.000000,0.395200
002,0171,HASL_002_0171,42.603403,10.000000,0.883370,0.315114,1.000000,90.000000,5.800000,0.000000,0.865000,0.000000,5.000000,300.000000,1.000000,2.000000,0.438732
002,0170,HASL_002_0170,63.017175,30.000000,0.400000,0.396029,1.000000,90.000000,5.800000,0.000000,0.865000,0.000000,5.000000,300.000000,1.000000,2.000000,0.385382
002,0169,HASL_002_0169,42.538194,11.532624,0.663110,0.107289,1.000000,90.000000,5.800000,0.000000,0.865000,0.000000,5.000000,300.000000,1.000000,2.000000,0.432804
002,0168,HASL_002_0168,58.062231,18.558509,0.607150,0.375185,1.000000,90.000000,5.800000,0.000000,0.865000,0.000000,5.000000,300.000000,1.000000,2.000000,0.388252
002,0167,HASL_002_0167,49.083134,27.513780,0.843933,0.000000,1.000000,90.000000,5.800000,0.000000,0.865000,0.000000,5.000000,300.000000,1.000000,2.000000,0.441074
002,0166,HASL_002_0166,42.618150,27.895795,0.681999,0.401049,1.000000,90.000000,5.800000,0.000000,0.865000,0.000000,5.000000,300.000000,1.000000,2.000000,0.457597
002,0165,HASL_002_0165,35.000000,29.004388,0.400000,0.524909,1.000000,90.000000,5.800000,0.000000,0.865000,0.000000,5.000000,300.000000,1.000000,2.000000,0.463950
002,0164,HASL_002_0164,50.628279,28.256546,0.591430,0.211415,1.000000,90.000000,5.800000,0.000000,0.865000,0.000000,5.000000,300.000000,1.000000,2.000000,0.433149
002,0163,HASL_002_0163,67.434841,30.000000,0.572571,0.864218,1.000000,90.000000,5.800000,0.000000,0.865000,0.000000,5.000000,300.000000,1.000000,2.000000,0.369366
002,0162,HASL_002_0162,35.000000,17.524402,0.793718,0.912895,1.000000,90.000000,5.800000,0.000000,0.865000,0.000000,5.000000,300.000000,1.000000,2.000000,0.435215
002,0161,HASL_002_0161,35.000000,20.098481,0.790768,0.183812,1.000000,90.000000,5.800000,0.000000,0.865000,0.000000,5.000000,300.000000,1.000000,2.000000,0.457840
002,0160,HASL_002_0160,53.512013,19.828472,0.900000,1.000000,1.000000,90.000000,5.800000,0.000000,0.865000,0.000000,5.000000,300.000000,1.000000,2.000000,0.413349
002,0159,HASL_002_0159,58.805058,30.000000,0.797315,0.404609,1.000000,90.000000,5.800000,0.000000,0.865000,0.000000,5.000000,300.000000,1.000000,2.000000,0.403603
002,0158,HASL_002_0158,35.000000,14.926817,0.900000,0.132968,1.000000,90.000000,5.800000,0.000000,0.865000,0.000000,5.000000,300.000000,1.000000,2.000000,0.450684
002,0157,HASL_002_0157,42.726310,18.524485,0.766134,0.846200,1.000000,90.000000,5.800000,0.000000,0.865000,0.000000,5.000000,300.000000,1.000000,2.000000,0.425616
002,0156,HASL_002_0156,50.134903,10.000000,0.760415,0.927986,1.000000,90.000000,5.800000,0.000000,0.865000,0.000000,5.000000,300.000000,1.000000,2.000000,0.415826
002,0155,HASL_002_0155,54.640804,29.731412,0.788801,0.546643,1.000000,90.000000,5.800000,0.000000,0.865000,0.000000,5.000000,300.000000,1.000000,2.000000,0.418845
002,0154,HASL_002_0154,56.116115,12.265456,0.857009,0.289022,1.000000,90.000000,5.800000,0.000000,0.865000,0.000000,5.000000,300.000000,1.000000,2.000000,0.394022
002,0153,HASL_002_0153,53.635528,10.000000,0.411768,0.251263,1.000000,90.000000,5.800000,0.000000,0.865000,0.000000,5.000000,300.000000,1.000000,2.000000,0.401792
002,0152,HASL_002_0152,53.120993,24.378612,0.686323,0.000000,1.000000,90.000000,5.800000,0.000000,0.865000,0.000000,5.000000,300.000000,1.000000,2.000000,0.417139
002,0151,HASL_002_0151,42.737414,29.057133,0.685835,0.967766,1.000000,90.000000,5.800000,0.000000,0.865000,0.000000,5.000000,300.000000,1.000000,2.000000,0.458203
002,0150,HASL_002_0150,53.048150,10.000000,0.560617,0.353535,1.000000,90.000000,5.800000,0.000000,0.865000,0.000000,5.000000,300.000000,1.000000,2.000000,0.405227
002,0149,HASL_002_0149,47.959859,23.231447,0.776236,0.802507,1.000000,90.000000,5.800000,0.000000,0.865000,0.000000,5.000000,300.000000,1.000000,2.000000,0.436024
002,0148,HASL_002_0148,44.191441,30.000000,0.900000,0.626374,1.000000,90.000000,5.800000,0.000000,0.865000,0.000000,5.000000,300.000000,1.000000,2.000000,0.454478
002,0147,HASL_002_0147,54.653338,15.762412,0.400000,0.770637,1.000000,90.000000,5.800000,0.000000,0.865000,0.000000,5.000000,300.000000,1.000000,2.000000,0.398918
002,0146,HASL_002_0146,42.264270,20.795570,0.699096,0.708941,1.000000,90.000000,5.800000,0.000000,0.865000,0.000000,5.000000,300.000000,1.000000,2.000000,0.445746
002,0145,HASL_002_0145,58.983455,16.229740,0.481157,0.221452,1.000000,90.000000,5.800000,0.000000,0.865000,0.000000,5.000000,300.000000,1.000000,2.000000,0.385723
002,0144,HASL_002_0144,36.410680,23.203383,0.530669,0.564210,1.000000,90.000000,5.800000,0.000000,0.865000,0.000000,5.000000,300.000000,1.000000,2.000000,0.436731
002,0143,HASL_002_0143,35.421530,19.311967,0.730792,0.893998,1.000000,90.000000,5.800000,0.000000,0.865000,0.000000,5.000000,300.000000,1.000000,2.000000,0.430523
002,0142,HASL_002_0142,35.000000,20.621411,0.616116,0.368226,1.000000,90.000000,5.800000,0.000000,0.865000,0.000000,5.000000,300.000000,1.000000,2.000000,0.454579
002,0141,HASL_002_0141,39.876821,12.267454,0.682403,0.063680,1.000000,90.000000,5.800000,0.000000,0.865000,0.000000,5.000000,300.000000,1.000000,2.000000,0.447579
002,0140,HASL_002_0140,57.847502,11.625727,0.400000,0.053401,1.000000,90.000000,5.800000,0.000000,0.865000,0.000000,5.000000,300.000000,1.000000,2.000000,0.387970
002,0139,HASL_002_0139,35.000000,24.507530,0.642813,0.508631,1.000000,90.000000,5.800000,0.000000,0.865000,0.000000,5.000000,300.000000,1.000000,2.000000,0.472883
002,0138,HASL_002_0138,49.607291,10.000000,0.900000,1.000000,1.000000,90.000000,5.800000,0.000000,0.865000,0.000000,5.000000,300.000000,1.000000,2.000000,0.418903
002,0137,HASL_002_0137,43.848010,12.318315,0.506317,0.766921,1.000000,90.000000,5.800000,0.000000,0.865000,0.000000,5.000000,300.000000,1.000000,2.000000,0.437020
002,0136,HASL_002_0136,35.000000,19.596124,0.900000,0.499254,1.000000,90.000000,5.800000,0.000000,0.865000,0.000000,5.000000,300.000000,1.000000,2.000000,0.459955
002,0135,HASL_002_0135,46.072008,16.622736,0.873003,0.677148,1.000000,90.000000,5.800000,0.000000,0.865000,0.000000,5.000000,300.000000,1.000000,2.000000,0.424696
002,0134,HASL_002_0134,46.588810,14.702527,0.889233,0.484145,1.000000,90.000000,5.800000,0.000000,0.865000,0.000000,5.000000,300.000000,1.000000,2.000000,0.429792
002,0133,HASL_002_0133,47.485770,28.659612,0.900000,0.814373,1.000000,90.000000,5.800000,0.000000,0.865000,0.000000,5.000000,300.000000,1.000000,2.000000,0.444306
002,0132,HASL_002_0132,35.000000,23.719138,0.551178,0.152723,1.000000,90.000000,5.800000,0.000000,0.865000,0.000000,5.000000,300.000000,1.000000,2.000000,0.474206
002,0131,HASL_002_0131,35.000000,19.835478,0.632514,0.088587,1.000000,90.000000,5.800000,0.000000,0.865000,0.000000,5.000000,300.000000,1.000000,2.000000,0.456660
002,0130,HASL_002_0130,36.075507,28.273114,0.900000,0.685800,1.000000,90.000000,5.800000,0.000000,0.865000,0.000000,5.000000,300.000000,1.000000,2.000000,0.469342
002,0129,HASL_002_0129,36.721283,24.220518,0.815833,0.686387,1.000000,90.000000,5.800000,0.000000,0.865000,0.000000,5.000000,300.000000,1.000000,2.000000,0.473588
002,0128,HASL_002_0128,38.994526,22.290941,0.536173,0.343805,1.000000,90.000000,5.800000,0.000000,0.865000,0.000000,5.000000,300.000000,1.000000,2.000000,0.436891
002,0127,HASL_002_0127,35.000000,16.767482,0.716642,0.653569,1.000000,90.000000,5.800000,0.000000,0.865000,0.000000,5.000000,300.000000,1.000000,2.000000,0.435553
002,0126,HASL_002_0126,43.825357,25.117850,0.404629,0.392306,1.000000,90.000000,5.800000,0.000000,0.865000,0.000000,5.000000,300.000000,1.000000,2.000000,0.454430
002,0125,HASL_002_0125,49.140230,14.003885,0.803291,0.319854,1.000000,90.000000,5.800000,0.000000,0.865000,0.000000,5.000000,300.000000,1.000000,2.000000,0.422760
002,0124,HASL_002_0124,67.104364,18.611223,0.528269,1.000000,1.000000,90.000000,5.800000,0.000000,0.865000,0.000000,5.000000,300.000000,1.000000,2.000000,0.358620
002,0123,HASL_002_0123,51.856177,18.106289,0.835662,0.883436,1.000000,90.000000,5.800000,0.000000,0.865000,0.000000,5.000000,300.000000,1.000000,2.000000,0.408074
002,0122,HASL_002_0122,60.135890,29.426369,0.900000,0.745654,1.000000,90.000000,5.800000,0.000000,0.865000,0.000000,5.000000,300.000000,1.000000,2.000000,0.399732
002,0121,HASL_002_0121,46.124896,10.000000,0.670772,0.361280,1.000000,90.000000,5.800000,0.000000,0.865000,0.000000,5.000000,300.000000,1.000000,2.000000,0.427023
002,0120,HASL_002_0120,40.005215,13.797156,0.540576,0.043741,1.000000,90.000000,5.800000,0.000000,0.865000,0.000000,5.000000,300.000000,1.000000,2.000000,0.443091
002,0119,HASL_002_0119,35.193839,25.221577,0.400000,0.759955,1.000000,90.000000,5.800000,0.000000,0.865000,0.000000,5.000000,300.000000,1.000000,2.000000,0.468723
002,0118,HASL_002_0118,35.000000,20.030270,0.621521,0.385320,1.000000,90.000000,5.800000,0.000000,0.865000,0.000000,5.000000,300.000000,1.000000,2.000000,0.456440
002,0117,HASL_002_0117,38.035923,10.000000,0.604845,0.648552,1.000000,90.000000,5.800000,0.000000,0.865000,0.000000,5.000000,300.000000,1.000000,2.000000,0.443129
002,0116,HASL_002_0116,41.794782,17.402284,0.576428,0.416744,1.000000,90.000000,5.800000,0.000000,0.865000,0.000000,5.000000,300.000000,1.000000,2.000000,0.427721
002,0115,HASL_002_0115,45.942149,24.568852,0.772038,0.330210,1.000000,90.000000,5.800000,0.000000,0.865000,0.000000,5.000000,300.000000,1.000000,2.000000,0.438865
002,0114,HASL_002_0114,44.144806,17.791251,0.783236,0.891636,1.000000,90.000000,5.800000,0.000000,0.865000,0.000000,5.000000,300.000000,1.000000,2.000000,0.425555
002,0113,HASL_002_0113,44.210746,17.037103,0.400000,1.000000,1.000000,90.000000,5.800000,0.000000,0.865000,0.000000,5.000000,300.000000,1.000000,2.000000,0.423654
002,0112,HASL_002_0112,44.775697,17.329171,0.400000,0.743647,1.000000,90.000000,5.800000,0.000000,0.865000,0.000000,5.000000,300.000000,1.000000,2.000000,0.422040
002,0111,HASL_002_0111,35.617774,15.476022,0.900000,0.000000,1.000000,90.000000,5.800000,0.000000,0.865000,0.000000,5.000000,300.000000,1.000000,2.000000,0.439220
002,0110,HASL_002_0110,55.277413,30.000000,0.885565,0.551015,1.000000,90.000000,5.800000,0.000000,0.865000,0.000000,5.000000,300.000000,1.000000,2.000000,0.416563
002,0109,HASL_002_0109,53.182030,20.210101,0.703426,0.365902,1.000000,90.000000,5.800000,0.000000,0.865000,0.000000,5.000000,300.000000,1.000000,2.000000,0.412738
002,0108,HASL_002_0108,49.035971,21.363005,0.751135,0.000000,1.000000,90.000000,5.800000,0.000000,0.865000,0.000000,5.000000,300.000000,1.000000,2.000000,0.430569
002,0107,HASL_002_0107,70.000000,10.000000,0.400000,0.490856,1.000000,90.000000,5.800000,0.000000,0.865000,0.000000,5.000000,300.000000,1.000000,2.000000,0.340520
002,0106,HASL_002_0106,43.071578,22.099918,0.862658,0.352927,1.000000,90.000000,5.800000,0.000000,0.865000,0.000000,5.000000,300.000000,1.000000,2.000000,0.441431
002,0105,HASL_002_0105,48.585547,28.347323,0.660334,0.454116,1.000000,90.000000,5.800000,0.000000,0.865000,0.000000,5.000000,300.000000,1.000000,2.000000,0.439997
002,0104,HASL_002_0104,53.414118,25.669131,0.535050,0.880399,1.000000,90.000000,5.800000,0.000000,0.865000,0.000000,5.000000,300.000000,1.000000,2.000000,0.424996
002,0103,HASL_002_0103,70.000000,11.583645,0.851303,0.544659,1.000000,90.000000,5.800000,0.000000,0.865000,0.000000,5.000000,300.000000,1.000000,2.000000,0.340795
002,0102,HASL_002_0102,58.455665,15.696986,0.528140,0.000000,1.000000,90.000000,5.800000,0.000000,0.865000,0.000000,5.000000,300.000000,1.000000,2.000000,0.387871
002,0101,HASL_002_0101,48.582268,21.929511,0.400000,0.285601,1.000000,90.000000,5.800000,0.000000,0.865000,0.000000,5.000000,300.000000,1.000000,2.000000,0.420370
002,0100,HASL_002_0100,38.340885,13.372579,0.780751,0.646653,1.000000,90.000000,5.800000,0.000000,0.865000,0.000000,5.000000,300.000000,1.000000,2.000000,0.449549
002,0099,HASL_002_0099,55.721623,18.264345,0.783748,0.448979,1.000000,90.000000,5.800000,0.000000,0.865000,0.000000,5.000000,300.000000,1.000000,2.000000,0.396862
002,0098,HASL_002_0098,37.465433,27.065981,0.677162,0.000000,1.000000,90.000000,5.800000,0.000000,0.865000,0.000000,5.000000,300.000000,1.000000,2.000000,0.463929
002,0097,HASL_002_0097,64.371594,10.000000,0.712021,0.111262,1.000000,90.000000,5.800000,0.000000,0.865000,0.000000,5.000000,300.000000,1.000000,2.000000,0.359642
002,0096,HASL_002_0096,41.804384,30.000000,0.691151,0.081128,1.000000,90.000000,5.800000,0.000000,0.865000,0.000000,5.000000,300.000000,1.000000,2.000000,0.457870
002,0095,HASL_002_0095,55.878636,19.819407,0.775509,0.300006,1.000000,90.000000,5.800000,0.000000,0.865000,0.000000,5.000000,300.000000,1.000000,2.000000,0.404226
002,0094,HASL_002_0094,43.816234,14.226389,0.900000,0.490856,1.000000,90.000000,5.800000,0.000000,0.865000,0.000000,5.000000,300.000000,1.000000,2.000000,0.438186
002,0093,HASL_002_0093,47.374192,25.934786,0.900000,0.691191,1.000000,90.000000,5.800000,0.000000,0.865000,0.000000,5.000000,300.000000,1.000000,2.000000,0.446633
002,0092,HASL_002_0092,53.182030,30.000000,0.602506,0.674922,1.000000,90.000000,5.800000,0.000000,0.865000,0.000000,5.000000,300.000000,1.000000,2.000000,0.427407
002,0091,HASL_002_0091,51.930673,28.950466,0.491020,0.000000,1.000000,90.000000,5.800000,0.000000,0.865000,0.000000,5.000000,300.000000,1.000000,2.000000,0.432406
002,0090,HASL_002_0090,56.282612,30.000000,0.716135,0.552690,1.000000,90.000000,5.800000,0.000000,0.865000,0.000000,5.000000,300.000000,1.000000,2.000000,0.412184
002,0089,HASL_002_0089,45.884903,14.039960,0.568086,0.667094,1.000000,90.000000,5.800000,0.000000,0.865000,0.000000,5.000000,300.000000,1.000000,2.000000,0.429445
002,0088,HASL_002_0088,44.210746,20.050011,0.863989,0.405692,1.000000,90.000000,5.800000,0.000000,0.865000,0.000000,5.000000,300.000000,1.000000,2.000000,0.442204
002,0087,HASL_002_0087,54.779123,15.243293,0.900000,0.254327,1.000000,90.000000,5.800000,0.000000,0.865000,0.000000,5.000000,300.000000,1.000000,2.000000,0.403947
002,0086,HASL_002_0086,41.795845,17.488531,0.613923,1.000000,1.000000,90.000000,5.800000,0.000000,0.865000,0.000000,5.000000,300.000000,1.000000,2.000000,0.427823
002,0085,HASL_002_0085,54.974290,14.056858,0.577929,1.000000,1.000000,90.000000,5.800000,0.000000,0.865000,0.000000,5.000000,300.000000,1.000000,2.000000,0.401753
002,0084,HASL_002_0084,46.663420,24.792105,0.604845,0.412475,1.000000,90.000000,5.800000,0.000000,0.865000,0.000000,5.000000,300.000000,1.000000,2.000000,0.448461
002,0083,HASL_002_0083,35.000000,10.000000,0.824529,0.513177,1.000000,90.000000,5.800000,0.000000,0.865000,0.000000,5.000000,300.000000,1.000000,2.000000,0.448778
002,0082,HASL_002_0082,35.193839,29.621789,0.400000,0.416525,1.000000,90.000000,5.800000,0.000000,0.865000,0.000000,5.000000,300.000000,1.000000,2.000000,0.461858
002,0081,HASL_002_0081,40.358365,16.064429,0.900000,0.665722,1.000000,90.000000,5.800000,0.000000,0.865000,0.000000,5.000000,300.000000,1.000000,2.000000,0.432012
002,0080,HASL_002_0080,40.244884,22.659340,0.755259,0.361280,1.000000,90.000000,5.800000,0.000000,0.865000,0.000000,5.000000,300.000000,1.000000,2.000000,0.444257
002,0079,HASL_002_0079,35.000000,29.426369,0.414516,1.000000,1.000000,90.000000,5.800000,0.000000,0.865000,0.000000,5.000000,300.000000,1.000000,2.000000,0.463158
002,0078,HASL_002_0078,40.669208,30.000000,0.572692,0.663020,1.000000,90.000000,5.800000,0.000000,0.865000,0.000000,5.000000,300.000000,1.000000,2.000000,0.458790
002,0077,HASL_002_0077,50.005524,20.296291,0.400000,0.173074,1.000000,90.000000,5.800000,0.000000,0.865000,0.000000,5.000000,300.000000,1.000000,2.000000,0.425560
002,0076,HASL_002_0076,50.446157,14.003885,0.400000,0.000000,1.000000,90.000000,5.800000,0.000000,0.865000,0.000000,5.000000,300.000000,1.000000,2.000000,0.414773
002,0075,HASL_002_0075,47.081235,28.416759,0.492299,0.121320,1.000000,90.000000,5.800000,0.000000,0.865000,0.000000,5.000000,300.000000,1.000000,2.000000,0.447729
002,0074,HASL_002_0074,35.000000,19.466689,0.411579,1.000000,1.000000,90.000000,5.800000,0.000000,0.865000,0.000000,5.000000,300.000000,1.000000,2.000000,0.449020
002,0073,HASL_002_0073,53.502964,20.432821,0.543481,0.902618,1.000000,90.000000,5.800000,0.000000,0.865000,0.000000,5.000000,300.000000,1.000000,2.000000,0.409884
002,0072,HASL_002_0072,44.891752,24.620652,0.400000,0.230515,1.000000,90.000000,5.800000,0.000000,0.865000,0.000000,5.000000,300.000000,1.000000,2.000000,0.452252
002,0071,HASL_002_0071,52.840067,28.273114,0.799816,1.000000,1.000000,90.000000,5.800000,0.000000,0.865000,0.000000,5.000000,300.000000,1.000000,2.000000,0.427190
002,0070,HASL_002_0070,50.977076,26.812069,0.812338,0.418922,1.000000,90.000000,5.800000,0.000000,0.865000,0.000000,5.000000,300.000000,1.000000,2.000000,0.433305
002,0069,HASL_002_0069,54.897063,25.400210,0.400000,0.862277,1.000000,90.000000,5.800000,0.000000,0.865000,0.000000,5.000000,300.000000,1.000000,2.000000,0.419183
002,0068,HASL_002_0068,41.708652,16.531352,0.570157,0.293665,1.000000,90.000000,5.800000,0.000000,0.865000,0.000000,5.000000,300.000000,1.000000,2.000000,0.429912
002,0067,HASL_002_0067,58.655166,20.834960,0.574007,0.343724,1.000000,90.000000,5.800000,0.000000,0.865000,0.000000,5.000000,300.000000,1.000000,2.000000,0.391741
002,0066,HASL_002_0066,45.753453,25.070514,0.686837,0.948417,1.000000,90.000000,5.800000,0.000000,0.865000,0.000000,5.000000,300.000000,1.000000,2.000000,0.451330
002,0065,HASL_002_0065,67.645725,18.962761,0.517573,0.741906,1.000000,90.000000,5.800000,0.000000,0.865000,0.000000,5.000000,300.000000,1.000000,2.000000,0.356709
002,0064,HASL_002_0064,43.848010,10.000000,0.506317,0.145735,1.000000,90.000000,5.800000,0.000000,0.865000,0.000000,5.000000,300.000000,1.000000,2.000000,0.430458
002,0063,HASL_002_0063,59.198049,24.102113,0.648042,0.338059,1.000000,90.000000,5.800000,0.000000,0.865000,0.000000,5.000000,300.000000,1.000000,2.000000,0.396426
002,0062,HASL_002_0062,53.470802,10.000000,0.692258,0.856922,1.000000,90.000000,5.800000,0.000000,0.865000,0.000000,5.000000,300.000000,1.000000,2.000000,0.405214
002,0061,HASL_002_0061,48.851754,24.329637,0.851227,0.402361,1.000000,90.000000,5.800000,0.000000,0.865000,0.000000,5.000000,300.000000,1.000000,2.000000,0.432152
002,0060,HASL_002_0060,39.154312,18.946036,0.513510,0.590678,1.000000,90.000000,5.800000,0.000000,0.865000,0.000000,5.000000,300.000000,1.000000,2.000000,0.446128
002,0059,HASL_002_0059,64.536267,21.124170,0.678769,0.838718,1.000000,90.000000,5.800000,0.000000,0.865000,0.000000,5.000000,300.000000,1.000000,2.000000,0.370330
002,0058,HASL_002_0058,35.000000,22.398739,0.857405,0.429598,1.000000,90.000000,5.800000,0.000000,0.865000,0.000000,5.000000,300.000000,1.000000,2.000000,0.451923
002,0057,HASL_002_0057,38.318610,29.305080,0.471568,0.893787,1.000000,90.000000,5.800000,0.000000,0.865000,0.000000,5.000000,300.000000,1.000000,2.000000,0.462415
002,0056,HASL_002_0056,70.000000,26.838406,0.493844,0.065098,1.000000,90.000000,5.800000,0.000000,0.865000,0.000000,5.000000,300.000000,1.000000,2.000000,0.353378
002,0055,HASL_002_0055,45.151143,17.113264,0.900000,0.162500,1.000000,90.000000,5.800000,0.000000,0.865000,0.000000,5.000000,300.000000,1.000000,2.000000,0.426011
002,0054,HASL_002_0054,35.000000,14.977120,0.900000,0.898536,1.000000,90.000000,5.800000,0.000000,0.865000,0.000000,5.000000,300.000000,1.000000,2.000000,0.449385
002,0053,HASL_002_0053,62.662853,19.664077,0.550741,0.947408,1.000000,90.000000,5.800000,0.000000,0.865000,0.000000,5.000000,300.000000,1.000000,2.000000,0.377613
002,0052,HASL_002_0052,43.317830,18.601082,0.768867,0.000000,1.000000,90.000000,5.800000,0.000000,0.865000,0.000000,5.000000,300.000000,1.000000,2.000000,0.425058
002,0051,HASL_002_0051,59.489526,14.296809,0.777231,0.766090,1.000000,90.000000,5.800000,0.000000,0.865000,0.000000,5.000000,300.000000,1.000000,2.000000,0.387981
002,0050,HASL_002_0050,36.821201,28.612994,0.691555,1.000000,1.000000,90.000000,5.800000,0.000000,0.865000,0.000000,5.000000,300.000000,1.000000,2.000000,0.466471
002,0049,HASL_002_0049,48.989089,16.346385,0.400000,0.000000,1.000000,90.000000,5.800000,0.000000,0.865000,0.000000,5.000000,300.000000,1.000000,2.000000,0.414397
002,0048,HASL_002_0048,70.000000,14.196206,0.400000,1.000000,1.000000,90.000000,5.800000,0.000000,0.865000,0.000000,5.000000,300.000000,1.000000,2.000000,0.347103
002,0047,HASL_002_0047,35.000000,30.000000,0.900000,1.000000,1.000000,90.000000,5.800000,0.000000,0.865000,0.000000,5.000000,300.000000,1.000000,2.000000,0.464071
002,0046,HASL_002_0046,44.709214,29.674438,0.808871,1.000000,1.000000,90.000000,5.800000,0.000000,0.865000,0.000000,5.000000,300.000000,1.000000,2.000000,0.453226
002,0045,HASL_002_0045,38.864089,30.000000,0.854355,0.861745,1.000000,90.000000,5.800000,0.000000,0.865000,0.000000,5.000000,300.000000,1.000000,2.000000,0.462718
002,0044,HASL_002_0044,51.173911,30.000000,0.421211,0.361721,1.000000,90.000000,5.800000,0.000000,0.865000,0.000000,5.000000,300.000000,1.000000,2.000000,0.430963
002,0043,HASL_002_0043,41.875494,30.000000,0.419314,0.322933,1.000000,90.000000,5.800000,0.000000,0.865000,0.000000,5.000000,300.000000,1.000000,2.000000,0.455610
002,0042,HASL_002_0042,55.753731,10.000000,0.400000,0.035316,1.000000,90.000000,5.800000,0.000000,0.865000,0.000000,5.000000,300.000000,1.000000,2.000000,0.394993
002,0041,HASL_002_0041,49.071712,20.047700,0.400000,0.557858,1.000000,90.000000,5.800000,0.000000,0.865000,0.000000,5.000000,300.000000,1.000000,2.000000,0.428264
002,0040,HASL_002_0040,64.449212,15.160490,0.705527,0.537654,1.000000,90.000000,5.800000,0.000000,0.865000,0.000000,5.000000,300.000000,1.000000,2.000000,0.369114
002,0039,HASL_002_0039,50.963682,15.815235,0.757620,0.811239,1.000000,90.000000,5.800000,0.000000,0.865000,0.000000,5.000000,300.000000,1.000000,2.000000,0.413189
002,0038,HASL_002_0038,40.790018,30.000000,0.589124,0.985410,1.000000,90.000000,5.800000,0.000000,0.865000,0.000000,5.000000,300.000000,1.000000,2.000000,0.458728
002,0037,HASL_002_0037,39.836911,24.682230,0.446886,0.059009,1.000000,90.000000,5.800000,0.000000,0.865000,0.000000,5.000000,300.000000,1.000000,2.000000,0.464468
002,0036,HASL_002_0036,35.000000,15.412619,0.813585,0.000000,1.000000,90.000000,5.800000,0.000000,0.865000,0.000000,5.000000,300.000000,1.000000,2.000000,0.448260
002,0035,HASL_002_0035,50.236366,27.102351,0.870440,0.363536,1.000000,90.000000,5.800000,0.000000,0.865000,0.000000,5.000000,300.000000,1.000000,2.000000,0.438016
002,0034,HASL_002_0034,45.774496,30.000000,0.840398,0.890017,1.000000,90.000000,5.800000,0.000000,0.865000,0.000000,5.000000,300.000000,1.000000,2.000000,0.448802
002,0033,HASL_002_0033,46.575933,15.617784,0.400000,0.913651,1.000000,90.000000,5.800000,0.000000,0.865000,0.000000,5.000000,300.000000,1.000000,2.000000,0.422978
002,0032,HASL_002_0032,56.435799,30.000000,0.400000,1.000000,1.000000,90.000000,5.800000,0.000000,0.865000,0.000000,5.000000,300.000000,1.000000,2.000000,0.415245
002,0031,HASL_002_0031,52.698430,15.992044,0.677567,0.951533,1.000000,90.000000,5.800000,0.000000,0.865000,0.000000,5.000000,300.000000,1.000000,2.000000,0.406960
002,0030,HASL_002_0030,56.671498,17.728358,0.400000,0.072892,1.000000,90.000000,5.800000,0.000000,0.865000,0.000000,5.000000,300.000000,1.000000,2.000000,0.391821
002,0029,HASL_002_0029,42.832528,10.000000,0.400000,0.000000,1.000000,90.000000,5.800000,0.000000,0.865000,0.000000,5.000000,300.000000,1.000000,2.000000,0.431593
002,0028,HASL_002_0028,45.779607,28.770964,0.738059,0.432865,1.000000,90.000000,5.800000,0.000000,0.865000,0.000000,5.000000,300.000000,1.000000,2.000000,0.452171
002,0027,HASL_002_0027,35.889994,17.037249,0.509786,0.462023,1.000000,90.000000,5.800000,0.000000,0.865000,0.000000,5.000000,300.000000,1.000000,2.000000,0.432015
002,0026,HASL_002_0026,46.404033,18.922111,0.547061,0.167830,1.000000,90.000000,5.800000,0.000000,0.865000,0.000000,5.000000,300.000000,1.000000,2.000000,0.417131
002,0025,HASL_002_0025,57.055695,21.831283,0.611265,0.549179,1.000000,90.000000,5.800000,0.000000,0.865000,0.000000,5.000000,300.000000,1.000000,2.000000,0.402779
002,0024,HASL_002_0024,70.000000,10.000000,0.536009,0.226716,1.000000,90.000000,5.800000,0.000000,0.865000,0.000000,5.000000,300.000000,1.000000,2.000000,0.341175
002,0023,HASL_002_0023,38.569487,20.649076,0.879053,0.345542,1.000000,90.000000,5.800000,0.000000,0.865000,0.000000,5.000000,300.000000,1.000000,2.000000,0.452524
002,0022,HASL_002_0022,45.481339,24.562314,0.447341,0.000000,1.000000,90.000000,5.800000,0.000000,0.865000,0.000000,5.000000,300.000000,1.000000,2.000000,0.451280
002,0021,HASL_002_0021,54.173962,17.961658,0.622360,0.501769,1.000000,90.000000,5.800000,0.000000,0.865000,0.000000,5.000000,300.000000,1.000000,2.000000,0.400305
002,0020,HASL_002_0020,40.833095,18.236510,0.897816,1.000000,1.000000,90.000000,5.800000,0.000000,0.865000,0.000000,5.000000,300.000000,1.000000,2.000000,0.426789
002,0019,HASL_002_0019,35.000000,11.675220,0.900000,0.675342,1.000000,90.000000,5.800000,0.000000,0.865000,0.000000,5.000000,300.000000,1.000000,2.000000,0.457433
002,0018,HASL_002_0018,42.284988,30.000000,0.500346,0.558088,1.000000,90.000000,5.800000,0.000000,0.865000,0.000000,5.000000,300.000000,1.000000,2.000000,0.455554
002,0017,HASL_002_0017,53.021298,20.239997,0.646008,0.330779,1.000000,90.000000,5.800000,0.000000,0.865000,0.000000,5.000000,300.000000,1.000000,2.000000,0.412704
002,0016,HASL_002_0016,35.000000,10.571797,0.400000,0.254273,1.000000,90.000000,5.800000,0.000000,0.865000,0.000000,5.000000,300.000000,1.000000,2.000000,0.442063
002,0015,HASL_002_0015,36.872139,27.712027,0.575322,1.000000,1.000000,90.000000,5.800000,0.000000,0.865000,0.000000,5.000000,300.000000,1.000000,2.000000,0.468762
002,0014,HASL_002_0014,42.076854,11.195782,0.798499,0.733185,1.000000,90.000000,5.800000,0.000000,0.865000,0.000000,5.000000,300.000000,1.000000,2.000000,0.436243
002,0013,HASL_002_0013,60.647944,18.952138,0.631237,0.795125,1.000000,90.000000,5.800000,0.000000,0.865000,0.000000,5.000000,300.000000,1.000000,2.000000,0.380235
002,0012,HASL_002_0012,60.853930,23.733023,0.900000,0.486079,1.000000,90.000000,5.800000,0.000000,0.865000,0.000000,5.000000,300.000000,1.000000,2.000000,0.392521
002,0011,HASL_002_0011,37.059151,18.121970,0.412208,0.138793,1.000000,90.000000,5.800000,0.000000,0.865000,0.000000,5.000000,300.000000,1.000000,2.000000,0.427623
002,0010,HASL_002_0010,35.000000,22.794943,0.519954,0.469477,1.000000,90.000000,5.800000,0.000000,0.865000,0.000000,5.000000,300.000000,1.000000,2.000000,0.438513
002,0009,HASL_002_0009,69.809356,20.762144,0.647024,0.600162,1.000000,90.000000,5.800000,0.000000,0.865000,0.000000,5.000000,300.000000,1.000000,2.000000,0.350587
002,0008,HASL_002_0008,55.171365,30.000000,0.479739,0.674401,1.000000,90.000000,5.800000,0.000000,0.865000,0.000000,5.000000,300.000000,1.000000,2.000000,0.419866
002,0007,HASL_002_0007,46.070196,15.891731,0.887714,0.059929,1.000000,90.000000,5.800000,0.000000,0.865000,0.000000,5.000000,300.000000,1.000000,2.000000,0.428579
002,0006,HASL_002_0006,35.000000,10.000000,0.736345,0.798019,1.000000,90.000000,5.800000,0.000000,0.865000,0.000000,5.000000,300.000000,1.000000,2.000000,0.447689
002,0005,HASL_002_0005,49.417489,19.114513,0.715680,0.630334,1.000000,90.000000,5.800000,0.000000,0.865000,0.000000,5.000000,300.000000,1.000000,2.000000,0.411654
002,0004,HASL_002_0004,51.824004,19.685210,0.737433,1.000000,1.000000,90.000000,5.800000,0.000000,0.865000,0.000000,5.000000,300.000000,1.000000,2.000000,0.418260
002,0003,HASL_002_0003,40.932510,22.677585,0.651410,0.142471,1.000000,90.000000,5.800000,0.000000,0.865000,0.000000,5.000000,300.000000,1.000000,2.000000,0.432652
002,0002,HASL_002_0002,47.867500,23.289777,0.482431,0.169475,1.000000,90.000000,5.800000,0.000000,0.865000,0.000000,5.000000,300.000000,1.000000,2.000000,0.421128
002,0001,HASL_002_0001,35.000000,28.605144,0.619946,0.487234,1.000000,90.000000,5.800000,0.000000,0.865000,0.000000,5.000000,300.000000,1.000000,2.000000,0.467420
003,0200,HASL_003_0200,49.937532,28.605144,0.619946,0.487234,1.000000,90.000000,5.800000,0.000000,0.865000,0.000000,5.000000,300.000000,1.000000,2.000000,0.434899
003,0199,HASL_003_0199,35.136441,30.000000,0.886143,0.000000,1.000000,90.000000,5.800000,0.000000,0.865000,0.000000,5.000000,300.000000,1.000000,2.000000,0.464268
003,0198,HASL_003_0198,35.000000,22.677585,0.654180,0.370581,1.000000,90.000000,5.800000,0.000000,0.865000,0.000000,5.000000,300.000000,1.000000,2.000000,0.438755
003,0197,HASL_003_0197,61.644143,22.385459,0.900000,0.539943,1.000000,90.000000,5.800000,0.000000,0.865000,0.000000,5.000000,300.000000,1.000000,2.000000,0.381834
003,0196,HASL_003_0196,44.816672,19.114513,0.715680,1.000000,1.000000,90.000000,5.800000,0.000000,0.865000,0.000000,5.000000,300.000000,1.000000,2.000000,0.421043
003,0195,HASL_003_0195,40.436874,20.923059,0.400000,0.007502,1.000000,90.000000,5.800000,0.000000,0.865000,0.000000,5.000000,300.000000,1.000000,2.000000,0.446176
003,0194,HASL_003_0194,46.070196,18.343659,0.900000,0.259712,1.000000,90.000000,5.800000,0.000000,0.865000,0.000000,5.000000,300.000000,1.000000,2.000000,0.421671
003,0193,HASL_003_0193,39.308073,20.744662,0.492299,0.214686,1.000000,90.000000,5.800000,0.000000,0.865000,0.000000,5.000000,300.000000,1.000000,2.000000,0.449274
003,0192,HASL_003_0192,60.306880,22.806988,0.773896,0.472249,1.000000,90.000000,5.800000,0.000000,0.865000,0.000000,5.000000,300.000000,1.000000,2.000000,0.391997
003,0191,HASL_003_0191,35.000000,17.510005,0.519954,0.469477,1.000000,90.000000,5.800000,0.000000,0.865000,0.000000,5.000000,300.000000,1.000000,2.000000,0.431948
003,0190,HASL_003_0190,40.616511,13.850690,0.656375,0.449377,1.000000,90.000000,5.800000,0.000000,0.865000,0.000000,5.000000,300.000000,1.000000,2.000000,0.442917
003,0189,HASL_003_0189,44.741142,19.742617,0.559860,0.936792,1.000000,90.000000,5.800000,0.000000,0.865000,0.000000,5.000000,300.000000,1.000000,2.000000,0.438535
003,0188,HASL_003_0188,56.889986,19.114472,0.502212,0.000000,1.000000,90.000000,5.800000,0.000000,0.865000,0.000000,5.000000,300.000000,1.000000,2.000000,0.390231
003,0187,HASL_003_0187,55.721623,10.000000,0.798499,0.733185,1.000000,90.000000,5.800000,0.000000,0.865000,0.000000,5.000000,300.000000,1.000000,2.000000,0.388587
003,0186,HASL_003_0186,36.872139,29.588682,0.575322,1.000000,1.000000,90.000000,5.800000,0.000000,0.865000,0.000000,5.000000,300.000000,1.000000,2.000000,0.463334
003,0185,HASL_003_0185,35.000000,12.725558,0.900000,0.903724,1.000000,90.000000,5.800000,0.000000,0.865000,0.000000,5.000000,300.000000,1.000000,2.000000,0.456011
003,0184,HASL_003_0184,46.420219,30.000000,0.853358,0.066781,1.000000,90.000000,5.800000,0.000000,0.865000,0.000000,5.000000,300.000000,1.000000,2.000000,0.448465
003,0183,HASL_003_0183,42.284988,30.000000,0.500346,0.558088,1.000000,90.000000,5.800000,0.000000,0.865000,0.000000,5.000000,300.000000,1.000000,2.000000,0.455682
003,0182,HASL_003_0182,46.000432,11.675220,0.544705,0.000000,1.000000,90.000000,5.800000,0.000000,0.865000,0.000000,5.000000,300.000000,1.000000,2.000000,0.423377
003,0181,HASL_003_0181,40.833095,26.819181,0.897816,0.691606,1.000000,90.000000,5.800000,0.000000,0.865000,0.000000,5.000000,300.000000,1.000000,2.000000,0.461078
003,0180,HASL_003_0180,45.596710,30.000000,0.400000,0.689224,1.000000,90.000000,5.800000,0.000000,0.865000,0.000000,5.000000,300.000000,1.000000,2.000000,0.447403
003,0179,HASL_003_0179,45.481339,30.000000,0.900000,0.847176,1.000000,90.000000,5.800000,0.000000,0.865000,0.000000,5.000000,300.000000,1.000000,2.000000,0.451332
003,0178,HASL_003_0178,49.347772,20.649076,0.900000,0.106318,1.000000,90.000000,5.800000,0.000000,0.865000,0.000000,5.000000,300.000000,1.000000,2.000000,0.426340
003,0177,HASL_003_0177,48.348896,28.121448,0.900000,0.953904,1.000000,90.000000,5.800000,0.000000,0.865000,0.000000,5.000000,300.000000,1.000000,2.000000,0.442685
003,0176,HASL_003_0176,44.575749,21.989253,0.705100,0.000000,1.000000,90.000000,5.800000,0.000000,0.865000,0.000000,5.000000,300.000000,1.000000,2.000000,0.438684
003,0175,HASL_003_0175,46.404033,22.687744,0.528986,0.167830,1.000000,90.000000,5.800000,0.000000,0.865000,0.000000,5.000000,300.000000,1.000000,2.000000,0.426111
003,0174,HASL_003_0174,44.310595,29.158199,0.509786,1.000000,1.000000,90.000000,5.800000,0.000000,0.865000,0.000000,5.000000,300.000000,1.000000,2.000000,0.453234
003,0173,HASL_003_0173,35.000000,28.770964,0.589346,0.000000,1.000000,90.000000,5.800000,0.000000,0.865000,0.000000,5.000000,300.000000,1.000000,2.000000,0.466038
003,0172,HASL_003_0172,42.832528,26.612365,0.400000,0.000000,1.000000,90.000000,5.800000,0.000000,0.865000,0.000000,5.000000,300.000000,1.000000,2.000000,0.453491
003,0171,HASL_003_0171,42.603403,30.000000,0.883370,0.758725,1.000000,90.000000,5.800000,0.000000,0.865000,0.000000,5.000000,300.000000,1.000000,2.000000,0.456105
003,0170,HASL_003_0170,52.698430,29.182762,0.610168,0.733756,1.000000,90.000000,5.800000,0.000000,0.865000,0.000000,5.000000,300.000000,1.000000,2.000000,0.424970
003,0169,HASL_003_0169,44.586838,11.237750,0.400000,1.000000,1.000000,90.000000,5.800000,0.000000,0.865000,0.000000,5.000000,300.000000,1.000000,2.000000,0.426238
003,0168,HASL_003_0168,44.996867,18.558509,0.433885,0.798225,1.000000,90.000000,5.800000,0.000000,0.865000,0.000000,5.000000,300.000000,1.000000,2.000000,0.419365
003,0167,HASL_003_0167,45.774496,30.000000,0.840398,0.890017,1.000000,90.000000,5.800000,0.000000,0.865000,0.000000,5.000000,300.000000,1.000000,2.000000,0.450123
003,0166,HASL_003_0166,48.593574,23.303535,0.870440,0.363536,1.000000,90.000000,5.800000,0.000000,0.865000,0.000000,5.000000,300.000000,1.000000,2.000000,0.434470
003,0165,HASL_003_0165,35.000000,30.000000,0.593825,0.925995,1.000000,90.000000,5.800000,0.000000,0.865000,0.000000,5.000000,300.000000,1.000000,2.000000,0.462287
003,0164,HASL_003_0164,35.661747,24.682230,0.564591,1.000000,1.000000,90.000000,5.800000,0.000000,0.865000,0.000000,5.000000,300.000000,1.000000,2.000000,0.471096
003,0163,HASL_003_0163,50.774024,30.000000,0.589124,0.387593,1.000000,90.000000,5.800000,0.000000,0.865000,0.000000,5.000000,300.000000,1.000000,2.000000,0.434672
003,0162,HASL_003_0162,35.000000,30.000000,0.685945,0.571266,1.000000,90.000000,5.800000,0.000000,0.865000,0.000000,5.000000,300.000000,1.000000,2.000000,0.462475
003,0161,HASL_003_0161,35.668387,18.249518,0.790768,0.561629,1.000000,90.000000,5.800000,0.000000,0.865000,0.000000,5.000000,300.000000,1.000000,2.000000,0.432455
003,0160,HASL_003_0160,49.071712,20.047700,0.900000,0.557858,1.000000,90.000000,5.800000,0.000000,0.865000,0.000000,5.000000,300.000000,1.000000,2.000000,0.427936
003,0159,HASL_003_0159,47.695613,14.846614,0.507822,0.237565,1.000000,90.000000,5.800000,0.000000,0.865000,0.000000,5.000000,300.000000,1.000000,2.000000,0.422483
003,0158,HASL_003_0158,35.135560,27.344044,0.896931,0.322933,1.000000,90.000000,5.800000,0.000000,0.865000,0.000000,5.000000,300.000000,1.000000,2.000000,0.472555
003,0157,HASL_003_0157,51.173911,22.185408,0.421211,1.000000,1.000000,90.000000,5.800000,0.000000,0.865000,0.000000,5.000000,300.000000,1.000000,2.000000,0.414766
003,0156,HASL_003_0156,42.857708,30.000000,0.400000,0.861745,1.000000,90.000000,5.800000,0.000000,0.865000,0.000000,5.000000,300.000000,1.000000,2.000000,0.453694
003,0155,HASL_003_0155,46.612931,29.731412,0.900000,0.546643,1.000000,90.000000,5.800000,0.000000,0.865000,0.000000,5.000000,300.000000,1.000000,2.000000,0.448912
003,0154,HASL_003_0154,55.907629,28.671650,0.706639,1.000000,1.000000,90.000000,5.800000,0.000000,0.865000,0.000000,5.000000,300.000000,1.000000,2.000000,0.415382
003,0153,HASL_003_0153,53.635528,14.196206,0.759295,0.328522,1.000000,90.000000,5.800000,0.000000,0.865000,0.000000,5.000000,300.000000,1.000000,2.000000,0.407583
003,0152,HASL_003_0152,37.077235,19.870548,0.400000,0.356667,1.000000,90.000000,5.800000,0.000000,0.865000,0.000000,5.000000,300.000000,1.000000,2.000000,0.453059
003,0151,HASL_003_0151,36.821201,11.556285,0.691555,1.000000,1.000000,90.000000,5.800000,0.000000,0.865000,0.000000,5.000000,300.000000,1.000000,2.000000,0.439983
003,0150,HASL_003_0150,36.713348,17.087061,0.671699,0.525074,1.000000,90.000000,5.800000,0.000000,0.865000,0.000000,5.000000,300.000000,1.000000,2.000000,0.432416
003,0149,HASL_003_0149,47.959859,14.971983,0.801218,0.827921,1.000000,90.000000,5.800000,0.000000,0.865000,0.000000,5.000000,300.000000,1.000000,2.000000,0.424687
003,0148,HASL_003_0148,44.191441,16.723958,0.455736,0.639821,1.000000,90.000000,5.800000,0.000000,0.865000,0.000000,5.000000,300.000000,1.000000,2.000000,0.423390
003,0147,HASL_003_0147,46.749776,21.228435,0.669997,0.658321,1.000000,90.000000,5.800000,0.000000,0.865000,0.000000,5.000000,300.000000,1.000000,2.000000,0.436299
003,0146,HASL_003_0146,35.000732,17.605307,0.733488,0.794197,1.000000,90.000000,5.800000,0.000000,0.865000,0.000000,5.000000,300.000000,1.000000,2.000000,0.434700
003,0145,HASL_003_0145,45.453061,10.000000,0.501009,0.983252,1.000000,90.000000,5.800000,0.000000,0.865000,0.000000,5.000000,300.000000,1.000000,2.000000,0.427473
003,0144,HASL_003_0144,38.318610,27.902078,0.400000,0.893787,1.000000,90.000000,5.800000,0.000000,0.865000,0.000000,5.000000,300.000000,1.000000,2.000000,0.465835
003,0143,HASL_003_0143,35.000000,29.024670,0.594755,0.026796,1.000000,90.000000,5.800000,0.000000,0.865000,0.000000,5.000000,300.000000,1.000000,2.000000,0.465127
003,0142,HASL_003_0142,41.087159,30.000000,0.900000,0.368226,1.000000,90.000000,5.800000,0.000000,0.865000,0.000000,5.000000,300.000000,1.000000,2.000000,0.460504
003,0141,HASL_003_0141,39.154312,30.000000,0.400000,1.000000,1.000000,90.000000,5.800000,0.000000,0.865000,0.000000,5.000000,300.000000,1.000000,2.000000,0.459270
003,0140,HASL_003_0140,48.851754,24.329637,0.851227,0.000000,1.000000,90.000000,5.800000,0.000000,0.865000,0.000000,5.000000,300.000000,1.000000,2.000000,0.432124
003,0139,HASL_003_0139,42.652452,30.000000,0.642813,0.671473,1.000000,90.000000,5.800000,0.000000,0.865000,0.000000,5.000000,300.000000,1.000000,2.000000,0.455840
003,0138,HASL_003_0138,59.198049,10.000000,0.793755,0.594127,1.000000,90.000000,5.800000,0.000000,0.865000,0.000000,5.000000,300.000000,1.000000,2.000000,0.377985
003,0137,HASL_003_0137,43.848010,15.999273,0.506317,0.000000,1.000000,90.000000,5.800000,0.000000,0.865000,0.000000,5.000000,300.000000,1.000000,2.000000,0.425897
003,0136,HASL_003_0136,51.667519,19.596124,0.487362,0.157741,1.000000,90.000000,5.800000,0.000000,0.865000,0.000000,5.000000,300.000000,1.000000,2.000000,0.403174
003,0135,HASL_003_0135,46.072008,30.000000,0.459613,0.503607,1.000000,90.000000,5.800000,0.000000,0.865000,0.000000,5.000000,300.000000,1.000000,2.000000,0.445569
003,0134,HASL_003_0134,55.298861,20.770283,0.427722,0.465055,1.000000,90.000000,5.800000,0.000000,0.865000,0.000000,5.000000,300.000000,1.000000,2.000000,0.402573
003,0133,HASL_003_0133,43.093484,28.659612,0.575984,0.164687,1.000000,90.000000,5.800000,0.000000,0.865000,0.000000,5.000000,300.000000,1.000000,2.000000,0.457525
003,0132,HASL_003_0132,38.244443,30.000000,0.544845,0.420268,1.000000,90.000000,5.800000,0.000000,0.865000,0.000000,5.000000,300.000000,1.000000,2.000000,0.461124
003,0131,HASL_003_0131,50.977076,25.656693,0.812338,0.000000,1.000000,90.000000,5.800000,0.000000,0.865000,0.000000,5.000000,300.000000,1.000000,2.000000,0.434904
003,0130,HASL_003_0130,64.718449,28.273114,0.900000,0.000000,1.000000,90.000000,5.800000,0.000000,0.865000,0.000000,5.000000,300.000000,1.000000,2.000000,0.383026
003,0129,HASL_003_0129,50.285961,24.220518,0.432442,0.419114,1.000000,90.000000,5.800000,0.000000,0.865000,0.000000,5.000000,300.000000,1.000000,2.000000,0.424979
003,0128,HASL_003_0128,35.000000,15.800278,0.536173,0.715489,1.000000,90.000000,5.800000,0.000000,0.865000,0.000000,5.000000,300.000000,1.000000,2.000000,0.436211
003,0127,HASL_003_0127,51.482199,10.000000,0.673670,0.002761,1.000000,90.000000,5.800000,0.000000,0.865000,0.000000,5.000000,300.000000,1.000000,2.000000,0.410926
003,0126,HASL_003_0126,47.081235,28.416759,0.767653,0.614790,1.000000,90.000000,5.800000,0.000000,0.865000,0.000000,5.000000,300.000000,1.000000,2.000000,0.444719
003,0125,HASL_003_0125,39.326802,10.496126,0.400000,0.000000,1.000000,90.000000,5.800000,0.000000,0.865000,0.000000,5.000000,300.000000,1.000000,2.000000,0.437768
003,0124,HASL_003_0124,50.005524,30.000000,0.528269,0.148799,1.000000,90.000000,5.800000,0.000000,0.865000,0.000000,5.000000,300.000000,1.000000,2.000000,0.436629
003,0123,HASL_003_0123,40.669208,30.000000,0.400000,0.663020,1.000000,90.000000,5.800000,0.000000,0.865000,0.000000,5.000000,300.000000,1.000000,2.000000,0.457568
003,0122,HASL_003_0122,46.344634,29.426369,0.605663,1.000000,1.000000,90.000000,5.800000,0.000000,0.865000,0.000000,5.000000,300.000000,1.000000,2.000000,0.448454
003,0121,HASL_003_0121,49.464563,21.712494,0.755259,0.804906,1.000000,90.000000,5.800000,0.000000,0.865000,0.000000,5.000000,300.000000,1.000000,2.000000,0.428663
003,0120,HASL_003_0120,47.026175,13.797156,0.639013,0.552547,1.000000,90.000000,5.800000,0.000000,0.865000,0.000000,5.000000,300.000000,1.000000,2.000000,0.427737
003,0119,HASL_003_0119,35.193839,30.000000,0.900000,0.759955,1.000000,90.000000,5.800000,0.000000,0.865000,0.000000,5.000000,300.000000,1.000000,2.000000,0.464131
003,0118,HASL_003_0118,67.353591,25.205997,0.400000,0.089651,1.000000,90.000000,5.800000,0.000000,0.865000,0.000000,5.000000,300.000000,1.000000,2.000000,0.363744
003,0117,HASL_003_0117,39.190888,16.334385,0.400000,0.648552,1.000000,90.000000,5.800000,0.000000,0.865000,0.000000,5.000000,300.000000,1.000000,2.000000,0.428646
003,0116,HASL_003_0116,35.749449,23.553841,0.594337,0.684043,1.000000,90.000000,5.800000,0.000000,0.865000,0.000000,5.000000,300.000000,1.000000,2.000000,0.474376
003,0115,HASL_003_0115,40.282624,10.000000,0.855797,0.293382,1.000000,90.000000,5.800000,0.000000,0.865000,0.000000,5.000000,300.000000,1.000000,2.000000,0.442645
003,0114,HASL_003_0114,46.269124,12.510620,0.505516,0.000000,1.000000,90.000000,5.800000,0.000000,0.865000,0.000000,5.000000,300.000000,1.000000,2.000000,0.430551
003,0113,HASL_003_0113,39.825346,22.054775,0.400000,1.000000,1.000000,90.000000,5.800000,0.000000,0.865000,0.000000,5.000000,300.000000,1.000000,2.000000,0.435418
003,0112,HASL_003_0112,45.884903,14.039960,0.568086,0.667094,1.000000,90.000000,5.800000,0.000000,0.865000,0.000000,5.000000,300.000000,1.000000,2.000000,0.429582
003,0111,HASL_003_0111,56.282612,30.000000,0.435798,0.552690,1.000000,90.000000,5.800000,0.000000,0.865000,0.000000,5.000000,300.000000,1.000000,2.000000,0.414773
003,0110,HASL_003_0110,49.027017,26.494936,0.848080,0.056873,1.000000,90.000000,5.800000,0.000000,0.865000,0.000000,5.000000,300.000000,1.000000,2.000000,0.440307
003,0109,HASL_003_0109,53.182030,17.680298,0.689930,0.000000,1.000000,90.000000,5.800000,0.000000,0.865000,0.000000,5.000000,300.000000,1.000000,2.000000,0.404222
003,0108,HASL_003_0108,47.374192,10.000000,0.900000,1.000000,1.000000,90.000000,5.800000,0.000000,0.865000,0.000000,5.000000,300.000000,1.000000,2.000000,0.424818
003,0107,HASL_003_0107,43.816234,18.881062,0.697470,0.490856,1.000000,90.000000,5.800000,0.000000,0.865000,0.000000,5.000000,300.000000,1.000000,2.000000,0.419721
003,0106,HASL_003_0106,48.339865,10.000000,0.757549,0.053840,1.000000,90.000000,5.800000,0.000000,0.865000,0.000000,5.000000,300.000000,1.000000,2.000000,0.420874
003,0105,HASL_003_0105,41.804384,30.000000,0.691151,0.081128,1.000000,90.000000,5.800000,0.000000,0.865000,0.000000,5.000000,300.000000,1.000000,2.000000,0.457902
003,0104,HASL_003_0104,35.000000,26.561753,0.400000,0.395977,1.000000,90.000000,5.800000,0.000000,0.865000,0.000000,5.000000,300.000000,1.000000,2.000000,0.465323
003,0103,HASL_003_0103,37.465433,27.065981,0.677162,0.000000,1.000000,90.000000,5.800000,0.000000,0.865000,0.000000,5.000000,300.000000,1.000000,2.000000,0.464122
003,0102,HASL_003_0102,55.721623,18.264345,0.437736,0.794081,1.000000,90.000000,5.800000,0.000000,0.865000,0.000000,5.000000,300.000000,1.000000,2.000000,0.394370
003,0101,HASL_003_0101,38.340885,13.372579,0.780751,0.863528,1.000000,90.000000,5.800000,0.000000,0.865000,0.000000,5.000000,300.000000,1.000000,2.000000,0.449505
003,0100,HASL_003_0100,66.838363,13.372579,0.780751,0.646653,1.000000,90.000000,5.800000,0.000000,0.865000,0.000000,5.000000,300.000000,1.000000,2.000000,0.361373
003,0099,HASL_003_0099,55.721623,24.940981,0.693156,0.804769,1.000000,90.000000,5.800000,0.000000,0.865000,0.000000,5.000000,300.000000,1.000000,2.000000,0.407608
003,0098,HASL_003_0098,51.995423,23.819412,0.677162,0.979549,1.000000,90.000000,5.800000,0.000000,0.865000,0.000000,5.000000,300.000000,1.000000,2.000000,0.422095
003,0097,HASL_003_0097,39.077826,10.070787,0.900000,1.000000,1.000000,90.000000,5.800000,0.000000,0.865000,0.000000,5.000000,300.000000,1.000000,2.000000,0.444778
003,0096,HASL_003_0096,37.047562,18.518561,0.691151,0.034110,1.000000,90.000000,5.800000,0.000000,0.865000,0.000000,5.000000,300.000000,1.000000,2.000000,0.429036
003,0095,HASL_003_0095,43.071578,16.958513,0.862658,0.352927,1.000000,90.000000,5.800000,0.000000,0.865000,0.000000,5.000000,300.000000,1.000000,2.000000,0.429753
003,0094,HASL_003_0094,45.195096,15.925711,0.438143,0.770696,1.000000,90.000000,5.800000,0.000000,0.865000,0.000000,5.000000,300.000000,1.000000,2.000000,0.423951
003,0093,HASL_003_0093,49.035971,29.294051,0.751135,0.997376,1.000000,90.000000,5.800000,0.000000,0.865000,0.000000,5.000000,300.000000,1.000000,2.000000,0.442154
003,0092,HASL_003_0092,41.104213,23.661397,0.751987,0.024383,1.000000,90.000000,5.800000,0.000000,0.865000,0.000000,5.000000,300.000000,1.000000,2.000000,0.451157
003,0091,HASL_003_0091,38.195789,26.063637,0.885565,0.636810,1.000000,90.000000,5.800000,0.000000,0.865000,0.000000,5.000000,300.000000,1.000000,2.000000,0.467419
003,0090,HASL_003_0090,35.617774,27.916027,0.900000,0.000000,1.000000,90.000000,5.800000,0.000000,0.865000,0.000000,5.000000,300.000000,1.000000,2.000000,0.470137
003,0089,HASL_003_0089,44.813436,22.621485,0.672465,0.001300,1.000000,90.000000,5.800000,0.000000,0.865000,0.000000,5.000000,300.000000,1.000000,2.000000,0.429388
003,0088,HASL_003_0088,44.210746,20.050011,0.863989,0.000000,1.000000,90.000000,5.800000,0.000000,0.865000,0.000000,5.000000,300.000000,1.000000,2.000000,0.442190
003,0087,HASL_003_0087,35.000000,17.791251,0.783236,0.891636,1.000000,90.000000,5.800000,0.000000,0.865000,0.000000,5.000000,300.000000,1.000000,2.000000,0.434752
003,0086,HASL_003_0086,40.282624,26.770581,0.818015,0.340187,1.000000,90.000000,5.800000,0.000000,0.865000,0.000000,5.000000,300.000000,1.000000,2.000000,0.461595
003,0085,HASL_003_0085,41.794782,17.862778,0.900000,0.946831,1.000000,90.000000,5.800000,0.000000,0.865000,0.000000,5.000000,300.000000,1.000000,2.000000,0.426507
003,0084,HASL_003_0084,38.842431,24.792105,0.760161,0.412475,1.000000,90.000000,5.800000,0.000000,0.865000,0.000000,5.000000,300.000000,1.000000,2.000000,0.468596
003,0083,HASL_003_0083,57.949756,30.000000,0.610259,0.513177,1.000000,90.000000,5.800000,0.000000,0.865000,0.000000,5.000000,300.000000,1.000000,2.000000,0.411223
003,0082,HASL_003_0082,62.353563,25.221577,0.900000,0.759955,1.000000,90.000000,5.800000,0.000000,0.865000,0.000000,5.000000,300.000000,1.000000,2.000000,0.385396
003,0081,HASL_003_0081,40.005215,27.338559,0.540576,1.000000,1.000000,90.000000,5.800000,0.000000,0.865000,0.000000,5.000000,300.000000,1.000000,2.000000,0.458406
003,0080,HASL_003_0080,46.124896,10.000000,0.624072,0.361280,1.000000,90.000000,5.800000,0.000000,0.865000,0.000000,5.000000,300.000000,1.000000,2.000000,0.427208
003,0079,HASL_003_0079,56.199645,22.281239,0.716891,0.285981,1.000000,90.000000,5.800000,0.000000,0.865000,0.000000,5.000000,300.000000,1.000000,2.000000,0.404383
003,0078,HASL_003_0078,40.295259,25.037519,0.900000,0.223015,1.000000,90.000000,5.800000,0.000000,0.865000,0.000000,5.000000,300.000000,1.000000,2.000000,0.466735
003,0077,HASL_003_0077,35.000000,21.800417,0.400000,1.000000,1.000000,90.000000,5.800000,0.000000,0.865000,0.000000,5.000000,300.000000,1.000000,2.000000,0.438746
003,0076,HASL_003_0076,36.238651,21.655978,0.400000,0.000000,1.000000,90.000000,5.800000,0.000000,0.865000,0.000000,5.000000,300.000000,1.000000,2.000000,0.440022
003,0075,HASL_003_0075,63.534713,30.000000,0.492299,1.000000,1.000000,90.000000,5.800000,0.000000,0.865000,0.000000,5.000000,300.000000,1.000000,2.000000,0.383980
003,0074,HASL_003_0074,35.000000,16.767482,0.630250,0.653569,1.000000,90.000000,5.800000,0.000000,0.865000,0.000000,5.000000,300.000000,1.000000,2.000000,0.434735
003,0073,HASL_003_0073,43.855592,23.799844,0.829279,0.000000,1.000000,90.000000,5.800000,0.000000,0.865000,0.000000,5.000000,300.000000,1.000000,2.000000,0.445649
003,0072,HASL_003_0072,48.037792,24.220518,0.815833,0.686387,1.000000,90.000000,5.800000,0.000000,0.865000,0.000000,5.000000,300.000000,1.000000,2.000000,0.434374
003,0071,HASL_003_0071,36.075507,10.000000,0.900000,0.000000,1.000000,90.000000,5.800000,0.000000,0.865000,0.000000,5.000000,300.000000,1.000000,2.000000,0.448606
003,0070,HASL_003_0070,53.448204,27.200479,0.900000,0.043429,1.000000,90.000000,5.800000,0.000000,0.865000,0.000000,5.000000,300.000000,1.000000,2.000000,0.427174
003,0069,HASL_003_0069,35.000000,23.719138,0.771272,0.000000,1.000000,90.000000,5.800000,0.000000,0.865000,0.000000,5.000000,300.000000,1.000000,2.000000,0.476164
003,0068,HASL_003_0068,43.630420,13.505138,0.900000,0.814373,1.000000,90.000000,5.800000,0.000000,0.865000,0.000000,5.000000,300.000000,1.000000,2.000000,0.439690
003,0067,HASL_003_0067,46.588810,28.830195,0.577594,0.000000,1.000000,90.000000,5.800000,0.000000,0.865000,0.000000,5.000000,300.000000,1.000000,2.000000,0.448616
003,0066,HASL_003_0066,46.072008,25.070514,0.855565,0.948417,1.000000,90.000000,5.800000,0.000000,0.865000,0.000000,5.000000,300.000000,1.000000,2.000000,0.451537
003,0065,HASL_003_0065,39.046488,19.596124,0.585718,0.000000,1.000000,90.000000,5.800000,0.000000,0.865000,0.000000,5.000000,300.000000,1.000000,2.000000,0.453157
003,0064,HASL_003_0064,43.848010,23.127203,0.822328,0.435355,1.000000,90.000000,5.800000,0.000000,0.865000,0.000000,5.000000,300.000000,1.000000,2.000000,0.447439
003,0063,HASL_003_0063,49.607291,10.000000,0.900000,0.442184,1.000000,90.000000,5.800000,0.000000,0.865000,0.000000,5.000000,300.000000,1.000000,2.000000,0.418823
003,0062,HASL_003_0062,44.276127,30.000000,0.871950,0.712118,1.000000,90.000000,5.800000,0.000000,0.865000,0.000000,5.000000,300.000000,1.000000,2.000000,0.454022
003,0061,HASL_003_0061,57.847502,11.625727,0.670192,0.615583,1.000000,90.000000,5.800000,0.000000,0.865000,0.000000,5.000000,300.000000,1.000000,2.000000,0.390175
003,0060,HASL_003_0060,39.876821,30.000000,0.682403,0.758619,1.000000,90.000000,5.800000,0.000000,0.865000,0.000000,5.000000,300.000000,1.000000,2.000000,0.460592
003,0059,HASL_003_0059,35.000000,30.000000,0.400000,0.440705,1.000000,90.000000,5.800000,0.000000,0.865000,0.000000,5.000000,300.000000,1.000000,2.000000,0.461003
003,0058,HASL_003_0058,54.004866,22.398739,0.730729,0.429598,1.000000,90.000000,5.800000,0.000000,0.865000,0.000000,5.000000,300.000000,1.000000,2.000000,0.413337
003,0057,HASL_003_0057,38.318610,26.782308,0.578270,1.000000,1.000000,90.000000,5.800000,0.000000,0.865000,0.000000,5.000000,300.000000,1.000000,2.000000,0.462505
003,0056,HASL_003_0056,43.866562,30.000000,0.627572,0.004788,1.000000,90.000000,5.800000,0.000000,0.865000,0.000000,5.000000,300.000000,1.000000,2.000000,0.453564
003,0055,HASL_003_0055,35.000000,29.002104,0.400000,0.383987,1.000000,90.000000,5.800000,0.000000,0.865000,0.000000,5.000000,300.000000,1.000000,2.000000,0.463973
003,0054,HASL_003_0054,43.350869,29.102078,0.900000,0.055395,1.000000,90.000000,5.800000,0.000000,0.865000,0.000000,5.000000,300.000000,1.000000,2.000000,0.458137
003,0053,HASL_003_0053,51.722414,30.000000,0.685731,0.626374,1.000000,90.000000,5.800000,0.000000,0.865000,0.000000,5.000000,300.000000,1.000000,2.000000,0.432692
003,0052,HASL_003_0052,43.317830,25.200733,0.438726,1.000000,1.000000,90.000000,5.800000,0.000000,0.865000,0.000000,5.000000,300.000000,1.000000,2.000000,0.455747
003,0051,HASL_003_0051,36.571723,10.000000,0.737847,0.745451,1.000000,90.000000,5.800000,0.000000,0.865000,0.000000,5.000000,300.000000,1.000000,2.000000,0.444723
003,0050,HASL_003_0050,42.737414,29.057133,0.487906,0.967766,1.000000,90.000000,5.800000,0.000000,0.865000,0.000000,5.000000,300.000000,1.000000,2.000000,0.456583
003,0049,HASL_003_0049,55.936077,24.441661,0.686323,0.692342,1.000000,90.000000,5.800000,0.000000,0.865000,0.000000,5.000000,300.000000,1.000000,2.000000,0.407646
003,0048,HASL_003_0048,36.033078,26.055995,0.400000,1.000000,1.000000,90.000000,5.800000,0.000000,0.865000,0.000000,5.000000,300.000000,1.000000,2.000000,0.465744
003,0047,HASL_003_0047,56.116115,10.000000,0.857009,0.289022,1.000000,90.000000,5.800000,0.000000,0.865000,0.000000,5.000000,300.000000,1.000000,2.000000,0.387860
003,0046,HASL_003_0046,37.594384,28.753355,0.900000,0.546643,1.000000,90.000000,5.800000,0.000000,0.865000,0.000000,5.000000,300.000000,1.000000,2.000000,0.467425
003,0045,HASL_003_0045,35.000000,12.462394,0.829287,0.318124,1.000000,90.000000,5.800000,0.000000,0.865000,0.000000,5.000000,300.000000,1.000000,2.000000,0.455611
003,0044,HASL_003_0044,40.039276,28.845416,0.421211,0.507335,1.000000,90.000000,5.800000,0.000000,0.865000,0.000000,5.000000,300.000000,1.000000,2.000000,0.461640
003,0043,HASL_003_0043,41.875494,16.383012,0.900000,0.930202,1.000000,90.000000,5.800000,0.000000,0.865000,0.000000,5.000000,300.000000,1.000000,2.000000,0.432400
003,0042,HASL_003_0042,55.753731,22.852612,0.813327,0.067270,1.000000,90.000000,5.800000,0.000000,0.865000,0.000000,5.000000,300.000000,1.000000,2.000000,0.407719
003,0041,HASL_003_0041,35.000000,19.828472,0.552635,0.557858,1.000000,90.000000,5.800000,0.000000,0.865000,0.000000,5.000000,300.000000,1.000000,2.000000,0.456269
003,0040,HASL_003_0040,37.057863,20.098481,0.790768,0.183812,1.000000,90.000000,5.800000,0.000000,0.865000,0.000000,5.000000,300.000000,1.000000,2.000000,0.456054
003,0039,HASL_003_0039,35.000000,17.524402,0.793718,0.912895,1.000000,90.000000,5.800000,0.000000,0.865000,0.000000,5.000000,300.000000,1.000000,2.000000,0.435204
003,0038,HASL_003_0038,36.385110,15.134334,0.589124,0.369361,1.000000,90.000000,5.800000,0.000000,0.865000,0.000000,5.000000,300.000000,1.000000,2.000000,0.445580
003,0037,HASL_003_0037,58.579413,19.180553,0.591430,0.631718,1.000000,90.000000,5.800000,0.000000,0.865000,0.000000,5.000000,300.000000,1.000000,2.000000,0.385580
003,0036,HASL_003_0036,35.000000,17.502974,0.624063,0.524909,1.000000,90.000000,5.800000,0.000000,0.865000,0.000000,5.000000,300.000000,1.000000,2.000000,0.433273
003,0035,HASL_003_0035,39.412949,27.895795,0.681999,0.674806,1.000000,90.000000,5.800000,0.000000,0.865000,0.000000,5.000000,300.000000,1.000000,2.000000,0.466789
003,0034,HASL_003_0034,37.031674,30.000000,0.886143,0.886315,1.000000,90.000000,5.800000,0.000000,0.865000,0.000000,5.000000,300.000000,1.000000,2.000000,0.463687
003,0033,HASL_003_0033,41.682835,15.895011,0.400000,0.913651,1.000000,90.000000,5.800000,0.000000,0.865000,0.000000,5.000000,300.000000,1.000000,2.000000,0.429681
003,0032,HASL_003_0032,35.000000,10.000000,0.791879,0.714114,1.000000,90.000000,5.800000,0.000000,0.865000,0.000000,5.000000,300.000000,1.000000,2.000000,0.448244
003,0031,HASL_003_0031,52.698430,25.423042,0.400000,0.630125,1.000000,90.000000,5.800000,0.000000,0.865000,0.000000,5.000000,300.000000,1.000000,2.000000,0.426595
003,0030,HASL_003_0030,42.603403,23.659238,0.883370,0.315114,1.000000,90.000000,5.800000,0.000000,0.865000,0.000000,5.000000,300.000000,1.000000,2.000000,0.449130
003,0029,HASL_003_0029,36.906513,24.404909,0.628754,0.008293,1.000000,90.000000,5.800000,0.000000,0.865000,0.000000,5.000000,300.000000,1.000000,2.000000,0.471249
003,0028,HASL_003_0028,62.737645,10.000000,0.545331,0.283126,1.000000,90.000000,5.800000,0.000000,0.865000,0.000000,5.000000,300.000000,1.000000,2.000000,0.373883
003,0027,HASL_003_0027,40.990012,17.037249,0.599488,0.462023,1.000000,90.000000,5.800000,0.000000,0.865000,0.000000,5.000000,300.000000,1.000000,2.000000,0.426783
003,0026,HASL_003_0026,46.404033,12.572181,0.619675,0.167830,1.000000,90.000000,5.800000,0.000000,0.865000,0.000000,5.000000,300.000000,1.000000,2.000000,0.430827
003,0025,HASL_003_0025,35.000000,30.000000,0.900000,0.658576,1.000000,90.000000,5.800000,0.000000,0.865000,0.000000,5.000000,300.000000,1.000000,2.000000,0.464470
003,0024,HASL_003_0024,42.733686,30.000000,0.835591,0.226716,1.000000,90.000000,5.800000,0.000000,0.865000,0.000000,5.000000,300.000000,1.000000,2.000000,0.455665
003,0023,HASL_003_0023,39.308073,18.895341,0.834024,0.609846,1.000000,90.000000,5.800000,0.000000,0.865000,0.000000,5.000000,300.000000,1.000000,2.000000,0.426689
003,0022,HASL_003_0022,44.109542,25.783567,0.900000,0.814802,1.000000,90.000000,5.800000,0.000000,0.865000,0.000000,5.000000,300.000000,1.000000,2.000000,0.456263
003,0021,HASL_003_0021,37.105550,28.771896,0.738879,0.557342,1.000000,90.000000,5.800000,0.000000,0.865000,0.000000,5.000000,300.000000,1.000000,2.000000,0.466494
003,0020,HASL_003_0020,35.000000,11.699268,0.571612,0.691606,1.000000,90.000000,5.800000,0.000000,0.865000,0.000000,5.000000,300.000000,1.000000,2.000000,0.441133
003,0019,HASL_003_0019,42.625349,11.675220,0.511843,1.000000,1.000000,90.000000,5.800000,0.000000,0.865000,0.000000,5.000000,300.000000,1.000000,2.000000,0.430602
003,0018,HASL_003_0018,35.000000,23.263295,0.547676,0.702451,1.000000,90.000000,5.800000,0.000000,0.865000,0.000000,5.000000,300.000000,1.000000,2.000000,0.437225
003,0017,HASL_003_0017,49.747620,30.000000,0.646008,0.330779,1.000000,90.000000,5.800000,0.000000,0.865000,0.000000,5.000000,300.000000,1.000000,2.000000,0.436508
003,0016,HASL_003_0016,35.000000,17.482776,0.493347,0.950049,1.000000,90.000000,5.800000,0.000000,0.865000,0.000000,5.000000,300.000000,1.000000,2.000000,0.431731
003,0015,HASL_003_0015,35.000000,20.138331,0.564473,0.234253,1.000000,90.000000,5.800000,0.000000,0.865000,0.000000,5.000000,300.000000,1.000000,2.000000,0.455675
003,0014,HASL_003_0014,60.098759,27.091455,0.733217,0.000000,1.000000,90.000000,5.800000,0.000000,0.865000,0.000000,5.000000,300.000000,1.000000,2.000000,0.401220
003,0013,HASL_003_0013,45.157488,10.000000,0.631237,0.903211,1.000000,90.000000,5.800000,0.000000,0.865000,0.000000,5.000000,300.000000,1.000000,2.000000,0.429596
003,0012,HASL_003_0012,43.817149,30.000000,0.408831,0.206097,1.000000,90.000000,5.800000,0.000000,0.865000,0.000000,5.000000,300.000000,1.000000,2.000000,0.450233
003,0011,HASL_003_0011,35.867438,25.177556,0.532637,0.000000,1.000000,90.000000,5.800000,0.000000,0.865000,0.000000,5.000000,300.000000,1.000000,2.000000,0.469622
003,0010,HASL_003_0010,35.000000,25.669131,0.627301,0.654252,1.000000,90.000000,5.800000,0.000000,0.865000,0.000000,5.000000,300.000000,1.000000,2.000000,0.469684
003,0009,HASL_003_0009,35.846524,18.539334,0.669842,0.699230,1.000000,90.000000,5.800000,0.000000,0.865000,0.000000,5.000000,300.000000,1.000000,2.000000,0.431160
003,0008,HASL_003_0008,41.654264,30.000000,0.780270,0.756226,1.000000,90.000000,5.800000,0.000000,0.865000,0.000000,5.000000,300.000000,1.000000,2.000000,0.458752
003,0007,HASL_003_0007,35.938237,10.000000,0.574178,0.304493,1.000000,90.000000,5.800000,0.000000,0.865000,0.000000,5.000000,300.000000,1.000000,2.000000,0.444866
003,0006,HASL_003_0006,35.000000,26.277288,0.736345,0.961461,1.000000,90.000000,5.800000,0.000000,0.865000,0.000000,5.000000,300.000000,1.000000,2.000000,0.468870
003,0005,HASL_003_0005,53.180376,19.114513,0.900000,0.630334,1.000000,90.000000,5.800000,0.000000,0.865000,0.000000,5.000000,300.000000,1.000000,2.000000,0.403237
003,0004,HASL_003_0004,35.000000,20.364140,0.740341,1.000000,1.000000,90.000000,5.800000,0.000000,0.865000,0.000000,5.000000,300.000000,1.000000,2.000000,0.456565
003,0003,HASL_003_0003,40.932510,29.390714,0.628582,1.000000,1.000000,90.000000,5.800000,0.000000,0.865000,0.000000,5.000000,300.000000,1.000000,2.000000,0.460298
003,0002,HASL_003_0002,51.766352,12.947195,0.691900,0.374172,1.000000,90.000000,5.800000,0.000000,0.865000,0.000000,5.000000,300.000000,1.000000,2.000000,0.412111
003,0001,HASL_003_0001,36.424704,13.276820,0.900000,0.726753,1.000000,90.000000,5.800000,0.000000,0.865000,0.000000,5.000000,300.000000,1.000000,2.000000,0.452483
004,0200,HASL_004_0200,35.000000,28.605144,0.619946,0.000000,1.000000,90.000000,5.800000,0.000000,0.865000,0.000000,5.000000,300.000000,1.000000,2.000000,0.466756
004,0199,HASL_004_0199,42.381653,23.289777,0.530754,0.463557,1.000000,90.000000,5.800000,0.000000,0.865000,0.000000,5.000000,300.000000,1.000000,2.000000,0.431339
004,0198,HASL_004_0198,39.693521,29.390714,0.886096,1.000000,1.000000,90.000000,5.800000,0.000000,0.865000,0.000000,5.000000,300.000000,1.000000,2.000000,0.463777
004,0197,HASL_004_0197,35.000000,20.364140,0.740341,1.000000,1.000000,90.000000,5.800000,0.000000,0.865000,0.000000,5.000000,300.000000,1.000000,2.000000,0.456629
004,0196,HASL_004_0196,41.290031,19.114513,0.715680,0.643628,1.000000,90.000000,5.800000,0.000000,0.865000,0.000000,5.000000,300.000000,1.000000,2.000000,0.422765
004,0195,HASL_004_0195,35.000000,20.130828,0.774090,0.961461,1.000000,90.000000,5.800000,0.000000,0.865000,0.000000,5.000000,300.000000,1.000000,2.000000,0.456054
004,0194,HASL_004_0194,35.938237,29.015243,0.574178,1.000000,1.000000,90.000000,5.800000,0.000000,0.865000,0.000000,5.000000,300.000000,1.000000,2.000000,0.464986
004,0193,HASL_004_0193,41.654264,30.000000,0.780270,0.756226,1.000000,90.000000,5.800000,0.000000,0.865000,0.000000,5.000000,300.000000,1.000000,2.000000,0.458698
004,0192,HASL_004_0192,48.153668,29.706371,0.699952,0.000000,1.000000,90.000000,5.800000,0.000000,0.865000,0.000000,5.000000,300.000000,1.000000,2.000000,0.443588
004,0191,HASL_004_0191,41.366264,15.892720,0.627301,0.788365,1.000000,90.000000,5.800000,0.000000,0.865000,0.000000,5.000000,300.000000,1.000000,2.000000,0.432116
004,0190,HASL_004_0190,36.506166,10.000000,0.400000,0.000000,1.000000,90.000000,5.800000,0.000000,0.865000,0.000000,5.000000,300.000000,1.000000,2.000000,0.440828
004,0189,HASL_004_0189,44.300816,19.676550,0.461475,0.936792,1.000000,90.000000,5.800000,0.000000,0.865000,0.000000,5.000000,300.000000,1.000000,2.000000,0.434941
004,0188,HASL_004_0188,45.068888,30.000000,0.551299,0.795830,1.000000,90.000000,5.800000,0.000000,0.865000,0.000000,5.000000,300.000000,1.000000,2.000000,0.450006
004,0187,HASL_004_0187,35.267331,11.195782,0.798499,0.166705,1.000000,90.000000,5.800000,0.000000,0.865000,0.000000,5.000000,300.000000,1.000000,2.000000,0.443674
004,0186,HASL_004_0186,36.872139,24.223325,0.400000,1.000000,1.000000,90.000000,5.800000,0.000000,0.865000,0.000000,5.000000,300.000000,1.000000,2.000000,0.469763
004,0185,HASL_004_0185,35.000000,21.012875,0.687092,0.594326,1.000000,90.000000,5.800000,0.000000,0.865000,0.000000,5.000000,300.000000,1.000000,2.000000,0.452796
004,0184,HASL_004_0184,35.000000,30.000000,0.608710,0.330779,1.000000,90.000000,5.800000,0.000000,0.865000,0.000000,5.000000,300.000000,1.000000,2.000000,0.462028
004,0183,HASL_004_0183,42.949605,30.000000,0.500346,0.000000,1.000000,90.000000,5.800000,0.000000,0.865000,0.000000,5.000000,300.000000,1.000000,2.000000,0.454207
004,0182,HASL_004_0182,35.000000,26.790865,0.400000,0.675342,1.000000,90.000000,5.800000,0.000000,0.865000,0.000000,5.000000,300.000000,1.000000,2.000000,0.464297
004,0181,HASL_004_0181,40.833095,22.758866,0.897816,0.691606,1.000000,90.000000,5.800000,0.000000,0.865000,0.000000,5.000000,300.000000,1.000000,2.000000,0.445810
004,0180,HASL_004_0180,49.129322,15.911001,0.521220,0.000000,1.000000,90.000000,5.800000,0.000000,0.865000,0.000000,5.000000,300.000000,1.000000,2.000000,0.416516
004,0179,HASL_004_0179,35.000000,30.000000,0.603348,0.772761,1.000000,90.000000,5.800000,0.000000,0.865000,0.000000,5.000000,300.000000,1.000000,2.000000,0.462389
004,0178,HASL_004_0178,48.735640,10.646275,0.879053,0.352562,1.000000,90.000000,5.800000,0.000000,0.865000,0.000000,5.000000,300.000000,1.000000,2.000000,0.421574
004,0177,HASL_004_0177,48.752568,28.121448,0.778699,0.576660,1.000000,90.000000,5.800000,0.000000,0.865000,0.000000,5.000000,300.000000,1.000000,2.000000,0.440667
004,0176,HASL_004_0176,50.636453,30.000000,0.894133,0.658576,1.000000,90.000000,5.800000,0.000000,0.865000,0.000000,5.000000,300.000000,1.000000,2.000000,0.436921
004,0175,HASL_004_0175,47.466117,23.808876,0.619675,0.231906,1.000000,90.000000,5.800000,0.000000,0.865000,0.000000,5.000000,300.000000,1.000000,2.000000,0.434766
004,0174,HASL_004_0174,35.889994,17.037249,0.509786,0.000000,1.000000,90.000000,5.800000,0.000000,0.865000,0.000000,5.000000,300.000000,1.000000,2.000000,0.432039
004,0173,HASL_004_0173,37.654888,28.770964,0.738059,0.432865,1.000000,90.000000,5.800000,0.000000,0.865000,0.000000,5.000000,300.000000,1.000000,2.000000,0.465878
004,0172,HASL_004_0172,36.906513,24.404909,0.848723,0.756541,1.000000,90.000000,5.800000,0.000000,0.865000,0.000000,5.000000,300.000000,1.000000,2.000000,0.473010
004,0171,HASL_004_0171,39.644119,30.000000,0.400000,0.753905,1.000000,90.000000,5.800000,0.000000,0.865000,0.000000,5.000000,300.000000,1.000000,2.000000,0.458926
004,0170,HASL_004_0170,53.129744,25.423042,0.400000,0.630125,1.000000,90.000000,5.800000,0.000000,0.865000,0.000000,5.000000,300.000000,1.000000,2.000000,0.425315
004,0169,HASL_004_0169,35.000000,30.000000,0.791879,0.000000,1.000000,90.000000,5.800000,0.000000,0.865000,0.000000,5.000000,300.000000,1.000000,2.000000,0.463537
004,0168,HASL_004_0168,41.682835,29.390714,0.400000,0.804981,1.000000,90.000000,5.800000,0.000000,0.865000,0.000000,5.000000,300.000000,1.000000,2.000000,0.457701
004,0167,HASL_004_0167,37.031674,30.000000,0.886143,0.886315,1.000000,90.000000,5.800000,0.000000,0.865000,0.000000,5.000000,300.000000,1.000000,2.000000,0.463740
004,0166,HASL_004_0166,55.979790,14.749572,0.681999,0.674806,1.000000,90.000000,5.800000,0.000000,0.865000,0.000000,5.000000,300.000000,1.000000,2.000000,0.398602
004,0165,HASL_004_0165,40.366636,30.000000,0.700396,0.842374,1.000000,90.000000,5.800000,0.000000,0.865000,0.000000,5.000000,300.000000,1.000000,2.000000,0.458934
004,0164,HASL_004_0164,48.292933,24.682230,0.814001,1.000000,1.000000,90.000000,5.800000,0.000000,0.865000,0.000000,5.000000,300.000000,1.000000,2.000000,0.432961
004,0163,HASL_004_0163,38.263672,16.755268,0.589124,0.718419,1.000000,90.000000,5.800000,0.000000,0.865000,0.000000,5.000000,300.000000,1.000000,2.000000,0.430504
004,0162,HASL_004_0162,35.000000,16.338315,0.659238,0.571266,1.000000,90.000000,5.800000,0.000000,0.865000,0.000000,5.000000,300.000000,1.000000,2.000000,0.435987
004,0161,HASL_004_0161,48.429590,25.470266,0.790768,0.330912,1.000000,90.000000,5.800000,0.000000,0.865000,0.000000,5.000000,300.000000,1.000000,2.000000,0.443502
004,0160,HASL_004_0160,38.766481,19.828472,0.630740,0.557858,1.000000,90.000000,5.800000,0.000000,0.865000,0.000000,5.000000,300.000000,1.000000,2.000000,0.453464
004,0159,HASL_004_0159,47.695613,17.423530,0.400000,0.237565,1.000000,90.000000,5.800000,0.000000,0.865000,0.000000,5.000000,300.000000,1.000000,2.000000,0.415993
004,0158,HASL_004_0158,35.776203,20.884790,0.651628,0.000000,1.000000,90.000000,5.800000,0.000000,0.865000,0.000000,5.000000,300.000000,1.000000,2.000000,0.453875
004,0157,HASL_004_0157,49.991893,24.602033,0.900000,0.572205,1.000000,90.000000,5.800000,0.000000,0.865000,0.000000,5.000000,300.000000,1.000000,2.000000,0.428065
004,0156,HASL_004_0156,46.210275,27.779146,0.900000,0.000000,1.000000,90.000000,5.800000,0.000000,0.865000,0.000000,5.000000,300.000000,1.000000,2.000000,0.450016
004,0155,HASL_004_0155,35.000000,30.000000,0.900000,0.309148,1.000000,90.000000,5.800000,0.000000,0.865000,0.000000,5.000000,300.000000,1.000000,2.000000,0.464175
004,0154,HASL_004_0154,44.026230,30.000000,0.900000,1.000000,1.000000,90.000000,5.800000,0.000000,0.865000,0.000000,5.000000,300.000000,1.000000,2.000000,0.454659
004,0153,HASL_004_0153,41.286166,26.055995,0.400000,1.000000,1.000000,90.000000,5.800000,0.000000,0.865000,0.000000,5.000000,300.000000,1.000000,2.000000,0.458045
004,0152,HASL_004_0152,37.622171,25.529819,0.400000,0.000000,1.000000,90.000000,5.800000,0.000000,0.865000,0.000000,5.000000,300.000000,1.000000,2.000000,0.465387
004,0151,HASL_004_0151,36.821201,13.825954,0.691555,1.000000,1.000000,90.000000,5.800000,0.000000,0.865000,0.000000,5.000000,300.000000,1.000000,2.000000,0.448367
004,0150,HASL_004_0150,38.191879,10.000000,0.705570,0.745451,1.000000,90.000000,5.800000,0.000000,0.865000,0.000000,5.000000,300.000000,1.000000,2.000000,0.443996
004,0149,HASL_004_0149,43.317830,20.065231,0.402623,0.000000,1.000000,90.000000,5.800000,0.000000,0.865000,0.000000,5.000000,300.000000,1.000000,2.000000,0.443869
004,0148,HASL_004_0148,36.604195,30.000000,0.650206,0.626374,1.000000,90.000000,5.800000,0.000000,0.865000,0.000000,5.000000,300.000000,1.000000,2.000000,0.462490
004,0147,HASL_004_0147,43.350869,29.102078,0.515046,0.542637,1.000000,90.000000,5.800000,0.000000,0.865000,0.000000,5.000000,300.000000,1.000000,2.000000,0.455575
004,0146,HASL_004_0146,40.587147,30.000000,0.490055,0.811106,1.000000,90.000000,5.800000,0.000000,0.865000,0.000000,5.000000,300.000000,1.000000,2.000000,0.458309
004,0145,HASL_004_0145,35.000000,30.000000,0.886057,0.004788,1.000000,90.000000,5.800000,0.000000,0.865000,0.000000,5.000000,300.000000,1.000000,2.000000,0.464295
004,0144,HASL_004_0144,38.318610,27.837338,0.578270,0.000000,1.000000,90.000000,5.800000,0.000000,0.865000,0.000000,5.000000,300.000000,1.000000,2.000000,0.466466
004,0143,HASL_004_0143,35.421530,10.000000,0.720878,0.026796,1.000000,90.000000,5.800000,0.000000,0.865000,0.000000,5.000000,300.000000,1.000000,2.000000,0.446908
004,0142,HASL_004_0142,35.000000,24.253385,0.900000,0.069535,1.000000,90.000000,5.800000,0.000000,0.865000,0.000000,5.000000,300.000000,1.000000,2.000000,0.475699
004,0141,HASL_004_0141,39.876821,10.000000,0.682403,0.758619,1.000000,90.000000,5.800000,0.000000,0.865000,0.000000,5.000000,300.000000,1.000000,2.000000,0.439919
004,0140,HASL_004_0140,48.851754,24.329637,0.414411,0.424013,1.000000,90.000000,5.800000,0.000000,0.865000,0.000000,5.000000,300.000000,1.000000,2.000000,0.441207
004,0139,HASL_004_0139,41.639711,30.000000,0.871950,0.154921,1.000000,90.000000,5.800000,0.000000,0.865000,0.000000,5.000000,300.000000,1.000000,2.000000,0.459657
004,0138,HASL_004_0138,49.607291,30.000000,0.743449,0.327148,1.000000,90.000000,5.800000,0.000000,0.865000,0.000000,5.000000,300.000000,1.000000,2.000000,0.439264
004,0137,HASL_004_0137,41.474787,30.000000,0.822328,0.435355,1.000000,90.000000,5.800000,0.000000,0.865000,0.000000,5.000000,300.000000,1.000000,2.000000,0.459506
004,0136,HASL_004_0136,35.000000,24.026503,0.785997,0.449703,1.000000,90.000000,5.800000,0.000000,0.865000,0.000000,5.000000,300.000000,1.000000,2.000000,0.475479
004,0135,HASL_004_0135,35.000000,18.893876,0.796540,0.673375,1.000000,90.000000,5.800000,0.000000,0.865000,0.000000,5.000000,300.000000,1.000000,2.000000,0.432095
004,0134,HASL_004_0134,46.588810,28.830195,0.486222,0.236100,1.000000,90.000000,5.800000,0.000000,0.865000,0.000000,5.000000,300.000000,1.000000,2.000000,0.448139
004,0133,HASL_004_0133,37.043188,15.909152,0.535130,0.104875,1.000000,90.000000,5.800000,0.000000,0.865000,0.000000,5.000000,300.000000,1.000000,2.000000,0.433397
004,0132,HASL_004_0132,35.000000,23.719138,0.619652,0.078498,1.000000,90.000000,5.800000,0.000000,0.865000,0.000000,5.000000,300.000000,1.000000,2.000000,0.474876
004,0131,HASL_004_0131,35.962903,27.641286,0.886143,0.418922,1.000000,90.000000,5.800000,0.000000,0.865000,0.000000,5.000000,300.000000,1.000000,2.000000,0.471117
004,0130,HASL_004_0130,35.230971,30.000000,0.562379,0.052016,1.000000,90.000000,5.800000,0.000000,0.865000,0.000000,5.000000,300.000000,1.000000,2.000000,0.462085
004,0129,HASL_004_0129,36.190468,24.220518,0.432442,0.686387,1.000000,90.000000,5.800000,0.000000,0.865000,0.000000,5.000000,300.000000,1.000000,2.000000,0.471086
004,0128,HASL_004_0128,35.000000,23.799844,0.533290,0.198206,1.000000,90.000000,5.800000,0.000000,0.865000,0.000000,5.000000,300.000000,1.000000,2.000000,0.473898
004,0127,HASL_004_0127,35.000000,29.624218,0.411579,0.799472,1.000000,90.000000,5.800000,0.000000,0.865000,0.000000,5.000000,300.000000,1.000000,2.000000,0.462007
004,0126,HASL_004_0126,47.081235,28.416759,0.400000,0.121320,1.000000,90.000000,5.800000,0.000000,0.865000,0.000000,5.000000,300.000000,1.000000,2.000000,0.446902
004,0125,HASL_004_0125,35.000000,28.049779,0.864559,0.000000,1.000000,90.000000,5.800000,0.000000,0.865000,0.000000,5.000000,300.000000,1.000000,2.000000,0.470887
004,0124,HASL_004_0124,35.000000,28.072660,0.445374,1.000000,1.000000,90.000000,5.800000,0.000000,0.865000,0.000000,5.000000,300.000000,1.000000,2.000000,0.466734
004,0123,HASL_004_0123,40.295259,25.037519,0.900000,0.155447,1.000000,90.000000,5.800000,0.000000,0.865000,0.000000,5.000000,300.000000,1.000000,2.000000,0.466702
004,0122,HASL_004_0122,37.474136,21.901980,0.900000,0.162234,1.000000,90.000000,5.800000,0.000000,0.865000,0.000000,5.000000,300.000000,1.000000,2.000000,0.452191
004,0121,HASL_004_0121,40.493762,22.659340,0.400000,0.200946,1.000000,90.000000,5.800000,0.000000,0.865000,0.000000,5.000000,300.000000,1.000000,2.000000,0.432792
004,0120,HASL_004_0120,44.136265,30.000000,0.400000,0.689396,1.000000,90.000000,5.800000,0.000000,0.865000,0.000000,5.000000,300.000000,1.000000,2.000000,0.450859
004,0119,HASL_004_0119,35.193839,24.602222,0.888405,0.176715,1.000000,90.000000,5.800000,0.000000,0.865000,0.000000,5.000000,300.000000,1.000000,2.000000,0.474655
004,0118,HASL_004_0118,35.000000,25.205997,0.878532,0.452227,1.000000,90.000000,5.800000,0.000000,0.865000,0.000000,5.000000,300.000000,1.000000,2.000000,0.473105
004,0117,HASL_004_0117,35.000000,30.000000,0.772617,0.434208,1.000000,90.000000,5.800000,0.000000,0.865000,0.000000,5.000000,300.000000,1.000000,2.000000,0.463415
004,0116,HASL_004_0116,41.794782,29.761742,0.900000,0.469664,1.000000,90.000000,5.800000,0.000000,0.865000,0.000000,5.000000,300.000000,1.000000,2.000000,0.459932
004,0115,HASL_004_0115,40.282624,29.029017,0.772038,0.191696,1.000000,90.000000,5.800000,0.000000,0.865000,0.000000,5.000000,300.000000,1.000000,2.000000,0.463219
004,0114,HASL_004_0114,37.594384,30.000000,0.783236,0.216024,1.000000,90.000000,5.800000,0.000000,0.865000,0.000000,5.000000,300.000000,1.000000,2.000000,0.462841
004,0113,HASL_004_0113,44.210746,22.131885,0.400000,0.217014,1.000000,90.000000,5.800000,0.000000,0.865000,0.000000,5.000000,300.000000,1.000000,2.000000,0.430958
004,0112,HASL_004_0112,45.884903,25.313021,0.568086,0.667094,1.000000,90.000000,5.800000,0.000000,0.865000,0.000000,5.000000,300.000000,1.000000,2.000000,0.449585
004,0111,HASL_004_0111,35.617774,25.889115,0.823769,0.000000,1.000000,90.000000,5.800000,0.000000,0.865000,0.000000,5.000000,300.000000,1.000000,2.000000,0.470032
004,0110,HASL_004_0110,39.437164,26.063637,0.645849,1.000000,1.000000,90.000000,5.800000,0.000000,0.865000,0.000000,5.000000,300.000000,1.000000,2.000000,0.463391
004,0109,HASL_004_0109,41.104213,30.000000,0.400000,0.012999,1.000000,90.000000,5.800000,0.000000,0.865000,0.000000,5.000000,300.000000,1.000000,2.000000,0.457266
004,0108,HASL_004_0108,47.374192,25.934786,0.501388,0.250985,1.000000,90.000000,5.800000,0.000000,0.865000,0.000000,5.000000,300.000000,1.000000,2.000000,0.443467
004,0107,HASL_004_0107,44.766591,27.458972,0.736734,0.537288,1.000000,90.000000,5.800000,0.000000,0.865000,0.000000,5.000000,300.000000,1.000000,2.000000,0.453085
004,0106,HASL_004_0106,35.000000,10.630340,0.900000,0.352927,1.000000,90.000000,5.800000,0.000000,0.865000,0.000000,5.000000,300.000000,1.000000,2.000000,0.447866
004,0105,HASL_004_0105,58.528298,18.235338,0.691151,0.081128,1.000000,90.000000,5.800000,0.000000,0.865000,0.000000,5.000000,300.000000,1.000000,2.000000,0.387829
004,0104,HASL_004_0104,35.000000,30.000000,0.474424,0.000000,1.000000,90.000000,5.800000,0.000000,0.865000,0.000000,5.000000,300.000000,1.000000,2.000000,0.462146
004,0103,HASL_004_0103,40.659489,30.000000,0.900000,0.039504,1.000000,90.000000,5.800000,0.000000,0.865000,0.000000,5.000000,300.000000,1.000000,2.000000,0.461031
004,0102,HASL_004_0102,60.627317,24.940981,0.565583,0.916339,1.000000,90.000000,5.800000,0.000000,0.865000,0.000000,5.000000,300.000000,1.000000,2.000000,0.389315
004,0101,HASL_004_0101,40.685655,30.000000,0.900000,0.436039,1.000000,90.000000,5.800000,0.000000,0.865000,0.000000,5.000000,300.000000,1.000000,2.000000,0.461281
004,0100,HASL_004_0100,36.486995,23.333186,0.467351,0.626389,1.000000,90.000000,5.800000,0.000000,0.865000,0.000000,5.000000,300.000000,1.000000,2.000000,0.436135
004,0099,HASL_004_0099,55.721623,10.535084,0.693156,0.545430,1.000000,90.000000,5.800000,0.000000,0.865000,0.000000,5.000000,300.000000,1.000000,2.000000,0.397547
004,0098,HASL_004_0098,37.465433,23.819412,0.721597,0.979549,1.000000,90.000000,5.800000,0.000000,0.865000,0.000000,5.000000,300.000000,1.000000,2.000000,0.472717
004,0097,HASL_004_0097,35.000000,30.000000,0.692506,0.173172,1.000000,90.000000,5.800000,0.000000,0.865000,0.000000,5.000000,300.000000,1.000000,2.000000,0.463867
004,0096,HASL_004_0096,37.997598,19.239070,0.691151,1.000000,1.000000,90.000000,5.800000,0.000000,0.865000,0.000000,5.000000,300.000000,1.000000,2.000000,0.426025
004,0095,HASL_004_0095,43.071578,30.000000,0.553225,0.000000,1.000000,90.000000,5.800000,0.000000,0.865000,0.000000,5.000000,300.000000,1.000000,2.000000,0.454408
004,0094,HASL_004_0094,44.925976,10.000000,0.567552,0.490856,1.000000,90.000000,5.800000,0.000000,0.865000,0.000000,5.000000,300.000000,1.000000,2.000000,0.429734
004,0093,HASL_004_0093,49.035971,21.363005,0.751135,0.000000,1.000000,90.000000,5.800000,0.000000,0.865000,0.000000,5.000000,300.000000,1.000000,2.000000,0.428675
004,0092,HASL_004_0092,55.905294,23.661397,0.602506,0.024383,1.000000,90.000000,5.800000,0.000000,0.865000,0.000000,5.000000,300.000000,1.000000,2.000000,0.408498
004,0091,HASL_004_0091,42.666231,24.709074,0.848080,0.056873,1.000000,90.000000,5.800000,0.000000,0.865000,0.000000,5.000000,300.000000,1.000000,2.000000,0.461787
004,0090,HASL_004_0090,41.830134,15.476022,0.900000,1.000000,1.000000,90.000000,5.800000,0.000000,0.865000,0.000000,5.000000,300.000000,1.000000,2.000000,0.436662
004,0089,HASL_004_0089,44.982225,20.446631,0.900000,0.801440,1.000000,90.000000,5.800000,0.000000,0.865000,0.000000,5.000000,300.000000,1.000000,2.000000,0.439596
004,0088,HASL_004_0088,44.210746,22.124698,0.900000,0.217014,1.000000,90.000000,5.800000,0.000000,0.865000,0.000000,5.000000,300.000000,1.000000,2.000000,0.442568
004,0087,HASL_004_0087,39.908115,16.246596,0.482195,0.473006,1.000000,90.000000,5.800000,0.000000,0.865000,0.000000,5.000000,300.000000,1.000000,2.000000,0.428978
004,0086,HASL_004_0086,41.912418,10.000000,0.773047,0.293382,1.000000,90.000000,5.800000,0.000000,0.865000,0.000000,5.000000,300.000000,1.000000,2.000000,0.437545
004,0085,HASL_004_0085,38.234928,23.553841,0.594337,0.401479,1.000000,90.000000,5.800000,0.000000,0.865000,0.000000,5.000000,300.000000,1.000000,2.000000,0.470930
004,0084,HASL_004_0084,38.842431,24.792105,0.604845,0.412475,1.000000,90.000000,5.800000,0.000000,0.865000,0.000000,5.000000,300.000000,1.000000,2.000000,0.467024
004,0083,HASL_004_0083,35.000000,22.191705,0.642644,0.501180,1.000000,90.000000,5.800000,0.000000,0.865000,0.000000,5.000000,300.000000,1.000000,2.000000,0.449035
004,0082,HASL_004_0082,35.193839,30.000000,0.400000,0.453384,1.000000,90.000000,5.800000,0.000000,0.865000,0.000000,5.000000,300.000000,1.000000,2.000000,0.461012
004,0081,HASL_004_0081,52.574995,17.979380,0.900000,0.043741,1.000000,90.000000,5.800000,0.000000,0.865000,0.000000,5.000000,300.000000,1.000000,2.000000,0.407120
004,0080,HASL_004_0080,49.464563,23.798387,0.900000,0.804906,1.000000,90.000000,5.800000,0.000000,0.865000,0.000000,5.000000,300.000000,1.000000,2.000000,0.431493
004,0079,HASL_004_0079,47.829416,30.000000,0.741346,1.000000,1.000000,90.000000,5.800000,0.000000,0.865000,0.000000,5.000000,300.000000,1.000000,2.000000,0.444138
004,0078,HASL_004_0078,56.349285,25.037519,0.572692,0.889312,1.000000,90.000000,5.800000,0.000000,0.865000,0.000000,5.000000,300.000000,1.000000,2.000000,0.404674
004,0077,HASL_004_0077,50.005524,24.050429,0.528269,0.123289,1.000000,90.000000,5.800000,0.000000,0.865000,0.000000,5.000000,300.000000,1.000000,2.000000,0.426923
004,0076,HASL_004_0076,58.310012,14.003885,0.400000,0.024264,1.000000,90.000000,5.800000,0.000000,0.865000,0.000000,5.000000,300.000000,1.000000,2.000000,0.389331
004,0075,HASL_004_0075,35.000000,27.577093,0.492299,0.352564,1.000000,90.000000,5.800000,0.000000,0.865000,0.000000,5.000000,300.000000,1.000000,2.000000,0.468885
004,0074,HASL_004_0074,40.419920,28.298335,0.716642,0.305088,1.000000,90.000000,5.800000,0.000000,0.865000,0.000000,5.000000,300.000000,1.000000,2.000000,0.464353
004,0073,HASL_004_0073,35.155071,22.576893,0.488176,0.937642,1.000000,90.000000,5.800000,0.000000,0.865000,0.000000,5.000000,300.000000,1.000000,2.000000,0.438836
004,0072,HASL_004_0072,36.721283,16.300216,0.815833,0.686387,1.000000,90.000000,5.800000,0.000000,0.865000,0.000000,5.000000,300.000000,1.000000,2.000000,0.435480
004,0071,HASL_004_0071,36.075507,26.189993,0.708030,1.000000,1.000000,90.000000,5.800000,0.000000,0.865000,0.000000,5.000000,300.000000,1.000000,2.000000,0.468272
004,0070,HASL_004_0070,50.732189,26.812069,0.796986,0.043429,1.000000,90.000000,5.800000,0.000000,0.865000,0.000000,5.000000,300.000000,1.000000,2.000000,0.433807
004,0069,HASL_004_0069,35.000000,10.377695,0.551178,0.850878,1.000000,90.000000,5.800000,0.000000,0.865000,0.000000,5.000000,300.000000,1.000000,2.000000,0.444217
004,0068,HASL_004_0068,43.093484,19.833822,0.756539,0.226789,1.000000,90.000000,5.800000,0.000000,0.865000,0.000000,5.000000,300.000000,1.000000,2.000000,0.444466
004,0067,HASL_004_0067,46.588810,19.442481,0.889233,0.484145,1.000000,90.000000,5.800000,0.000000,0.865000,0.000000,5.000000,300.000000,1.000000,2.000000,0.436748
004,0066,HASL_004_0066,35.000000,25.070514,0.846969,0.890247,1.000000,90.000000,5.800000,0.000000,0.865000,0.000000,5.000000,300.000000,1.000000,2.000000,0.473247
004,0065,HASL_004_0065,51.468850,15.577502,0.900000,0.499254,1.000000,90.000000,5.800000,0.000000,0.865000,0.000000,5.000000,300.000000,1.000000,2.000000,0.420027
004,0064,HASL_004_0064,46.479915,29.245706,0.506317,0.793692,1.000000,90.000000,5.800000,0.000000,0.865000,0.000000,5.000000,300.000000,1.000000,2.000000,0.446087
004,0063,HASL_004_0063,52.150982,10.000000,0.515418,1.000000,1.000000,90.000000,5.800000,0.000000,0.865000,0.000000,5.000000,300.000000,1.000000,2.000000,0.407372
004,0062,HASL_004_0062,35.000000,26.684392,0.642813,0.000000,1.000000,90.000000,5.800000,0.000000,0.865000,0.000000,5.000000,300.000000,1.000000,2.000000,0.466641
004,0061,HASL_004_0061,39.306613,24.217023,0.851227,0.719565,1.000000,90.000000,5.800000,0.000000,0.865000,0.000000,5.000000,300.000000,1.000000,2.000000,0.469795
004,0060,HASL_004_0060,45.969272,30.000000,0.548685,0.078024,1.000000,90.000000,5.800000,0.000000,0.865000,0.000000,5.000000,300.000000,1.000000,2.000000,0.447751
004,0059,HASL_004_0059,47.610242,10.000000,0.900000,1.000000,1.000000,90.000000,5.800000,0.000000,0.865000,0.000000,5.000000,300.000000,1.000000,2.000000,0.424661
004,0058,HASL_004_0058,42.648682,20.469270,0.820293,0.026796,1.000000,90.000000,5.800000,0.000000,0.865000,0.000000,5.000000,300.000000,1.000000,2.000000,0.446490
004,0057,HASL_004_0057,41.990249,19.536113,0.400000,0.810415,1.000000,90.000000,5.800000,0.000000,0.865000,0.000000,5.000000,300.000000,1.000000,2.000000,0.437982
004,0056,HASL_004_0056,45.453061,20.652431,0.501009,0.000000,1.000000,90.000000,5.800000,0.000000,0.865000,0.000000,5.000000,300.000000,1.000000,2.000000,0.437568
004,0055,HASL_004_0055,45.151143,18.623586,0.418963,0.790048,1.000000,90.000000,5.800000,0.000000,0.865000,0.000000,5.000000,300.000000,1.000000,2.000000,0.418791
004,0054,HASL_004_0054,37.077235,14.977120,0.900000,0.898536,1.000000,90.000000,5.800000,0.000000,0.865000,0.000000,5.000000,300.000000,1.000000,2.000000,0.447580
004,0053,HASL_004_0053,49.198902,30.000000,0.900000,0.000000,1.000000,90.000000,5.800000,0.000000,0.865000,0.000000,5.000000,300.000000,1.000000,2.000000,0.441160
004,0052,HASL_004_0052,56.847197,21.214920,0.843592,0.000000,1.000000,90.000000,5.800000,0.000000,0.865000,0.000000,5.000000,300.000000,1.000000,2.000000,0.399853
004,0051,HASL_004_0051,36.713348,30.000000,0.676895,0.525074,1.000000,90.000000,5.800000,0.000000,0.865000,0.000000,5.000000,300.000000,1.000000,2.000000,0.462352
004,0050,HASL_004_0050,46.506241,29.057133,0.438515,0.967766,1.000000,90.000000,5.800000,0.000000,0.865000,0.000000,5.000000,300.000000,1.000000,2.000000,0.447564
004,0049,HASL_004_0049,46.739886,19.870548,0.400000,0.074634,1.000000,90.000000,5.800000,0.000000,0.865000,0.000000,5.000000,300.000000,1.000000,2.000000,0.436358
004,0048,HASL_004_0048,48.901161,14.196206,0.400000,0.328522,1.000000,90.000000,5.800000,0.000000,0.865000,0.000000,5.000000,300.000000,1.000000,2.000000,0.419161
004,0047,HASL_004_0047,55.907629,30.000000,0.706639,1.000000,1.000000,90.000000,5.800000,0.000000,0.865000,0.000000,5.000000,300.000000,1.000000,2.000000,0.418831
004,0046,HASL_004_0046,44.709214,29.674438,0.777628,0.546643,1.000000,90.000000,5.800000,0.000000,0.865000,0.000000,5.000000,300.000000,1.000000,2.000000,0.453030
004,0045,HASL_004_0045,42.857708,30.000000,0.400000,0.544325,1.000000,90.000000,5.800000,0.000000,0.865000,0.000000,5.000000,300.000000,1.000000,2.000000,0.453818
004,0044,HASL_004_0044,47.772605,28.845416,0.900000,0.507335,1.000000,90.000000,5.800000,0.000000,0.865000,0.000000,5.000000,300.000000,1.000000,2.000000,0.443305
004,0043,HASL_004_0043,39.151869,27.344044,0.900000,0.322933,1.000000,90.000000,5.800000,0.000000,0.865000,0.000000,5.000000,300.000000,1.000000,2.000000,0.467650
004,0042,HASL_004_0042,47.695613,14.846614,0.507822,0.237565,1.000000,90.000000,5.800000,0.000000,0.865000,0.000000,5.000000,300.000000,1.000000,2.000000,0.422544
004,0041,HASL_004_0041,48.783909,19.828472,0.859277,0.376351,1.000000,90.000000,5.800000,0.000000,0.865000,0.000000,5.000000,300.000000,1.000000,2.000000,0.429024
004,0040,HASL_004_0040,36.431795,20.098481,0.400000,0.183812,1.000000,90.000000,5.800000,0.000000,0.865000,0.000000,5.000000,300.000000,1.000000,2.000000,0.453187
004,0039,HASL_004_0039,40.323411,29.822961,0.900000,0.571266,1.000000,90.000000,5.800000,0.000000,0.865000,0.000000,5.000000,300.000000,1.000000,2.000000,0.462013
004,0038,HASL_004_0038,46.742966,15.134334,0.589124,0.073953,1.000000,90.000000,5.800000,0.000000,0.865000,0.000000,5.000000,300.000000,1.000000,2.000000,0.425599
004,0037,HASL_004_0037,39.194258,30.000000,0.564591,1.000000,1.000000,90.000000,5.800000,0.000000,0.865000,0.000000,5.000000,300.000000,1.000000,2.000000,0.460501
004,0036,HASL_004_0036,35.000000,30.000000,0.796889,0.524909,1.000000,90.000000,5.800000,0.000000,0.865000,0.000000,5.000000,300.000000,1.000000,2.000000,0.464693
004,0035,HASL_004_0035,42.618150,21.563134,0.852180,1.000000,1.000000,90.000000,5.800000,0.000000,0.865000,0.000000,5.000000,300.000000,1.000000,2.000000,0.444671
004,0034,HASL_004_0034,35.000000,30.000000,0.886143,1.000000,1.000000,90.000000,5.800000,0.000000,0.865000,0.000000,5.000000,300.000000,1.000000,2.000000,0.463903
004,0033,HASL_004_0033,50.221527,16.362464,0.400000,1.000000,1.000000,90.000000,5.800000,0.000000,0.865000,0.000000,5.000000,300.000000,1.000000,2.000000,0.411677
004,0032,HASL_004_0032,36.498366,29.440251,0.400000,0.000000,1.000000,90.000000,5.800000,0.000000,0.865000,0.000000,5.000000,300.000000,1.000000,2.000000,0.462164
004,0031,HASL_004_0031,35.000000,29.330019,0.463042,0.951533,1.000000,90.000000,5.800000,0.000000,0.865000,0.000000,5.000000,300.000000,1.000000,2.000000,0.463171
004,0030,HASL_004_0030,42.603403,30.000000,0.719562,0.758725,1.000000,90.000000,5.800000,0.000000,0.865000,0.000000,5.000000,300.000000,1.000000,2.000000,0.456468
004,0029,HASL_004_0029,38.984025,16.566638,0.801708,0.008293,1.000000,90.000000,5.800000,0.000000,0.865000,0.000000,5.000000,300.000000,1.000000,2.000000,0.431921
004,0028,HASL_004_0028,35.786389,22.463391,0.875314,0.000000,1.000000,90.000000,5.800000,0.000000,0.865000,0.000000,5.000000,300.000000,1.000000,2.000000,0.451875
004,0027,HASL_004_0027,45.472449,30.000000,0.509786,0.858195,1.000000,90.000000,5.800000,0.000000,0.865000,0.000000,5.000000,300.000000,1.000000,2.000000,0.448884
004,0026,HASL_004_0026,46.404033,13.533691,0.819586,0.167830,1.000000,90.000000,5.800000,0.000000,0.865000,0.000000,5.000000,300.000000,1.000000,2.000000,0.431759
004,0025,HASL_004_0025,39.464592,22.277211,0.900000,0.812753,1.000000,90.000000,5.800000,0.000000,0.865000,0.000000,5.000000,300.000000,1.000000,2.000000,0.448831
004,0024,HASL_004_0024,48.348896,25.221980,0.900000,0.425522,1.000000,90.000000,5.800000,0.000000,0.865000,0.000000,5.000000,300.000000,1.000000,2.000000,0.432503
004,0023,HASL_004_0023,44.004721,25.487214,0.875292,0.279814,1.000000,90.000000,5.800000,0.000000,0.865000,0.000000,5.000000,300.000000,1.000000,2.000000,0.456930
004,0022,HASL_004_0022,35.000000,30.000000,0.716603,1.000000,1.000000,90.000000,5.800000,0.000000,0.865000,0.000000,5.000000,300.000000,1.000000,2.000000,0.462663
004,0021,HASL_004_0021,35.000000,30.000000,0.500857,0.000000,1.000000,90.000000,5.800000,0.000000,0.865000,0.000000,5.000000,300.000000,1.000000,2.000000,0.461539
004,0020,HASL_004_0020,45.534023,26.216057,0.718093,0.902107,1.000000,90.000000,5.800000,0.000000,0.865000,0.000000,5.000000,300.000000,1.000000,2.000000,0.450005
004,0019,HASL_004_0019,47.063185,11.675220,0.900000,0.675342,1.000000,90.000000,5.800000,0.000000,0.865000,0.000000,5.000000,300.000000,1.000000,2.000000,0.423301
004,0018,HASL_004_0018,46.250633,23.263295,0.858306,0.612927,1.000000,90.000000,5.800000,0.000000,0.865000,0.000000,5.000000,300.000000,1.000000,2.000000,0.441092
004,0017,HASL_004_0017,46.420219,16.234072,0.534469,0.066781,1.000000,90.000000,5.800000,0.000000,0.865000,0.000000,5.000000,300.000000,1.000000,2.000000,0.420307
004,0016,HASL_004_0016,43.707922,12.725558,0.808139,0.000000,1.000000,90.000000,5.800000,0.000000,0.865000,0.000000,5.000000,300.000000,1.000000,2.000000,0.440026
004,0015,HASL_004_0015,35.000000,12.180446,0.717734,1.000000,1.000000,90.000000,5.800000,0.000000,0.865000,0.000000,5.000000,300.000000,1.000000,2.000000,0.454498
004,0014,HASL_004_0014,43.226998,30.000000,0.541230,0.000000,1.000000,90.000000,5.800000,0.000000,0.865000,0.000000,5.000000,300.000000,1.000000,2.000000,0.453938
004,0013,HASL_004_0013,44.011945,27.579520,0.470401,0.608620,1.000000,90.000000,5.800000,0.000000,0.865000,0.000000,5.000000,300.000000,1.000000,2.000000,0.453288
004,0012,HASL_004_0012,35.000000,11.675220,0.900000,0.486079,1.000000,90.000000,5.800000,0.000000,0.865000,0.000000,5.000000,300.000000,1.000000,2.000000,0.457533
004,0011,HASL_004_0011,36.653185,25.177556,0.789131,0.845216,1.000000,90.000000,5.800000,0.000000,0.865000,0.000000,5.000000,300.000000,1.000000,2.000000,0.470982
004,0010,HASL_004_0010,40.100433,30.000000,0.862420,0.850704,1.000000,90.000000,5.800000,0.000000,0.865000,0.000000,5.000000,300.000000,1.000000,2.000000,0.461615
004,0009,HASL_004_0009,45.701450,22.981400,0.711277,0.600162,1.000000,90.000000,5.800000,0.000000,0.865000,0.000000,5.000000,300.000000,1.000000,2.000000,0.428486
004,0008,HASL_004_0008,39.308073,25.028618,0.581442,0.756226,1.000000,90.000000,5.800000,0.000000,0.865000,0.000000,5.000000,300.000000,1.000000,2.000000,0.465804
004,0007,HASL_004_0007,35.000000,30.000000,0.411397,1.000000,1.000000,90.000000,5.800000,0.000000,0.865000,0.000000,5.000000,300.000000,1.000000,2.000000,0.460739
004,0006,HASL_004_0006,35.000000,20.923059,0.831032,0.955156,1.000000,90.000000,5.800000,0.000000,0.865000,0.000000,5.000000,300.000000,1.000000,2.000000,0.455719
004,0005,HASL_004_0005,44.444528,30.000000,0.400000,1.000000,1.000000,90.000000,5.800000,0.000000,0.865000,0.000000,5.000000,300.000000,1.000000,2.000000,0.450246
004,0004,HASL_004_0004,35.000000,17.571783,0.685283,0.034858,1.000000,90.000000,5.800000,0.000000,0.865000,0.000000,5.000000,300.000000,1.000000,2.000000,0.434058
004,0003,HASL_004_0003,35.000000,22.677585,0.479533,0.370581,1.000000,90.000000,5.800000,0.000000,0.865000,0.000000,5.000000,300.000000,1.000000,2.000000,0.436882
004,0002,HASL_004_0002,35.000000,26.615075,0.886143,0.923306,1.000000,90.000000,5.800000,0.000000,0.865000,0.000000,5.000000,300.000000,1.000000,2.000000,0.469084
004,0001,HASL_004_0001,38.342500,13.276820,0.414073,0.936828,1.000000,90.000000,5.800000,0.000000,0.865000,0.000000,5.000000,300.000000,1.000000,2.000000,0.445698
005,0200,HASL_005_0200,54.711032,28.711750,0.400000,0.802944,1.000000,90.000000,5.800000,0.000000,0.865000,0.000000,5.000000,300.000000,1.000000,2.000000,0.417438
005,0199,HASL_005_0199,47.631842,23.901964,0.900000,0.923306,1.000000,90.000000,5.800000,0.000000,0.865000,0.000000,5.000000,300.000000,1.000000,2.000000,0.436576
005,0198,HASL_005_0198,40.932510,14.614369,0.628582,0.390052,1.000000,90.000000,5.800000,0.000000,0.865000,0.000000,5.000000,300.000000,1.000000,2.000000,0.440462
005,0197,HASL_005_0197,35.000000,30.000000,0.740341,1.000000,1.000000,90.000000,5.800000,0.000000,0.865000,0.000000,5.000000,300.000000,1.000000,2.000000,0.462878
005,0196,HASL_005_0196,37.587942,25.114054,0.481630,0.749036,1.000000,90.000000,5.800000,0.000000,0.865000,0.000000,5.000000,300.000000,1.000000,2.000000,0.467213
005,0195,HASL_005_0195,42.997559,30.000000,0.736345,0.425223,1.000000,90.000000,5.800000,0.000000,0.865000,0.000000,5.000000,300.000000,1.000000,2.000000,0.455886
005,0194,HASL_005_0194,48.980130,30.000000,0.400000,0.259726,1.000000,90.000000,5.800000,0.000000,0.865000,0.000000,5.000000,300.000000,1.000000,2.000000,0.438818
005,0193,HASL_005_0193,48.348896,21.862407,0.890737,0.756226,1.000000,90.000000,5.800000,0.000000,0.865000,0.000000,5.000000,300.000000,1.000000,2.000000,0.432547
005,0192,HASL_005_0192,48.153668,14.359185,0.896699,0.348169,1.000000,90.000000,5.800000,0.000000,0.865000,0.000000,5.000000,300.000000,1.000000,2.000000,0.425923
005,0191,HASL_005_0191,50.074532,25.669131,0.900000,0.242201,1.000000,90.000000,5.800000,0.000000,0.865000,0.000000,5.000000,300.000000,1.000000,2.000000,0.438494
005,0190,HASL_005_0190,54.143660,26.356752,0.400000,0.588512,1.000000,90.000000,5.800000,0.000000,0.865000,0.000000,5.000000,300.000000,1.000000,2.000000,0.420116
005,0189,HASL_005_0189,35.000000,15.852672,0.801303,0.244824,1.000000,90.000000,5.800000,0.000000,0.865000,0.000000,5.000000,300.000000,1.000000,2.000000,0.439132
005,0188,HASL_005_0188,39.169835,27.960820,0.470401,0.107503,1.000000,90.000000,5.800000,0.000000,0.865000,0.000000,5.000000,300.000000,1.000000,2.000000,0.464367
005,0187,HASL_005_0187,43.276308,26.500078,0.400000,0.000000,1.000000,90.000000,5.800000,0.000000,0.865000,0.000000,5.000000,300.000000,1.000000,2.000000,0.452412
005,0186,HASL_005_0186,35.000000,12.672536,0.806589,0.221584,1.000000,90.000000,5.800000,0.000000,0.865000,0.000000,5.000000,300.000000,1.000000,2.000000,0.455055
005,0185,HASL_005_0185,35.000000,29.241197,0.687092,0.866663,1.000000,90.000000,5.800000,0.000000,0.865000,0.000000,5.000000,300.000000,1.000000,2.000000,0.464923
005,0184,HASL_005_0184,49.747620,23.782182,0.646008,0.330779,1.000000,90.000000,5.800000,0.000000,0.865000,0.000000,5.000000,300.000000,1.000000,2.000000,0.428290
005,0183,HASL_005_0183,44.526149,25.009767,0.609201,0.000000,1.000000,90.000000,5.800000,0.000000,0.865000,0.000000,5.000000,300.000000,1.000000,2.000000,0.454243
005,0182,HASL_005_0182,35.000000,28.032014,0.725655,0.396876,1.000000,90.000000,5.800000,0.000000,0.865000,0.000000,5.000000,300.000000,1.000000,2.000000,0.468994
005,0181,HASL_005_0181,44.492825,30.000000,0.400000,0.691606,1.000000,90.000000,5.800000,0.000000,0.865000,0.000000,5.000000,300.000000,1.000000,2.000000,0.450336
005,0180,HASL_005_0180,40.196932,28.771896,0.738879,0.132912,1.000000,90.000000,5.800000,0.000000,0.865000,0.000000,5.000000,300.000000,1.000000,2.000000,0.463835
005,0179,HASL_005_0179,35.000000,30.000000,0.716603,0.282678,1.000000,90.000000,5.800000,0.000000,0.865000,0.000000,5.000000,300.000000,1.000000,2.000000,0.462886
005,0178,HASL_005_0178,44.004721,25.487214,0.875292,0.279814,1.000000,90.000000,5.800000,0.000000,0.865000,0.000000,5.000000,300.000000,1.000000,2.000000,0.456826
005,0177,HASL_005_0177,42.055772,30.000000,0.778216,0.561173,1.000000,90.000000,5.800000,0.000000,0.865000,0.000000,5.000000,300.000000,1.000000,2.000000,0.456545
005,0176,HASL_005_0176,35.000000,30.000000,0.900000,0.658576,1.000000,90.000000,5.800000,0.000000,0.865000,0.000000,5.000000,300.000000,1.000000,2.000000,0.464622
005,0175,HASL_005_0175,46.404033,30.000000,0.819586,0.000000,1.000000,90.000000,5.800000,0.000000,0.865000,0.000000,5.000000,300.000000,1.000000,2.000000,0.448519
005,0174,HASL_005_0174,52.605290,30.000000,0.509786,0.858195,1.000000,90.000000,5.800000,0.000000,0.865000,0.000000,5.000000,300.000000,1.000000,2.000000,0.428492
005,0173,HASL_005_0173,45.779607,28.247884,0.617626,0.432865,1.000000,90.000000,5.800000,0.000000,0.865000,0.000000,5.000000,300.000000,1.000000,2.000000,0.448197
005,0172,HASL_005_0172,35.000000,30.000000,0.448417,0.008293,1.000000,90.000000,5.800000,0.000000,0.865000,0.000000,5.000000,300.000000,1.000000,2.000000,0.461058
005,0171,HASL_005_0171,42.603403,30.000000,0.400000,0.707862,1.000000,90.000000,5.800000,0.000000,0.865000,0.000000,5.000000,300.000000,1.000000,2.000000,0.453992
005,0170,HASL_005_0170,39.371329,29.330019,0.463042,0.951533,1.000000,90.000000,5.800000,0.000000,0.865000,0.000000,5.000000,300.000000,1.000000,2.000000,0.461715
005,0169,HASL_005_0169,36.498366,28.721471,0.400000,0.414237,1.000000,90.000000,5.800000,0.000000,0.865000,0.000000,5.000000,300.000000,1.000000,2.000000,0.464410
005,0168,HASL_005_0168,41.682835,19.816249,0.400000,0.387017,1.000000,90.000000,5.800000,0.000000,0.865000,0.000000,5.000000,300.000000,1.000000,2.000000,0.446386
005,0167,HASL_005_0167,51.212778,25.065245,0.552316,0.000000,1.000000,90.000000,5.800000,0.000000,0.865000,0.000000,5.000000,300.000000,1.000000,2.000000,0.433217
005,0166,HASL_005_0166,35.698437,24.220518,0.681999,0.674806,1.000000,90.000000,5.800000,0.000000,0.865000,0.000000,5.000000,300.000000,1.000000,2.000000,0.473613
005,0165,HASL_005_0165,35.000000,20.098481,0.624773,0.524909,1.000000,90.000000,5.800000,0.000000,0.865000,0.000000,5.000000,300.000000,1.000000,2.000000,0.456097
005,0164,HASL_005_0164,39.836911,30.000000,0.446886,0.059009,1.000000,90.000000,5.800000,0.000000,0.865000,0.000000,5.000000,300.000000,1.000000,2.000000,0.459026
005,0163,HASL_005_0163,35.000000,30.000000,0.900000,0.985410,1.000000,90.000000,5.800000,0.000000,0.865000,0.000000,5.000000,300.000000,1.000000,2.000000,0.464033
005,0162,HASL_005_0162,40.323411,29.822961,0.820111,0.292718,1.000000,90.000000,5.800000,0.000000,0.865000,0.000000,5.000000,300.000000,1.000000,2.000000,0.461685
005,0161,HASL_005_0161,35.668387,30.000000,0.446741,0.793380,1.000000,90.000000,5.800000,0.000000,0.865000,0.000000,5.000000,300.000000,1.000000,2.000000,0.461113
005,0160,HASL_005_0160,35.000000,19.828472,0.489682,0.557858,1.000000,90.000000,5.800000,0.000000,0.865000,0.000000,5.000000,300.000000,1.000000,2.000000,0.455557
005,0159,HASL_005_0159,46.879408,14.846614,0.400000,0.047279,1.000000,90.000000,5.800000,0.000000,0.865000,0.000000,5.000000,300.000000,1.000000,2.000000,0.423993
005,0158,HASL_005_0158,39.151869,27.344044,0.792628,0.322933,1.000000,90.000000,5.800000,0.000000,0.865000,0.000000,5.000000,300.000000,1.000000,2.000000,0.466972
005,0157,HASL_005_0157,40.039276,30.000000,0.758469,0.426246,1.000000,90.000000,5.800000,0.000000,0.865000,0.000000,5.000000,300.000000,1.000000,2.000000,0.460831
005,0156,HASL_005_0156,38.864089,30.000000,0.588575,0.861745,1.000000,90.000000,5.800000,0.000000,0.865000,0.000000,5.000000,300.000000,1.000000,2.000000,0.460843
005,0155,HASL_005_0155,37.594384,17.723614,0.674548,0.546643,1.000000,90.000000,5.800000,0.000000,0.865000,0.000000,5.000000,300.000000,1.000000,2.000000,0.430215
005,0154,HASL_005_0154,35.000000,28.360275,0.900000,1.000000,1.000000,90.000000,5.800000,0.000000,0.865000,0.000000,5.000000,300.000000,1.000000,2.000000,0.469700
005,0153,HASL_005_0153,35.000000,13.310653,0.536555,0.623774,1.000000,90.000000,5.800000,0.000000,0.865000,0.000000,5.000000,300.000000,1.000000,2.000000,0.450366
005,0152,HASL_005_0152,46.739886,27.501925,0.400000,0.143514,1.000000,90.000000,5.800000,0.000000,0.865000,0.000000,5.000000,300.000000,1.000000,2.000000,0.441588
005,0151,HASL_005_0151,44.875317,28.612994,0.687973,0.000000,1.000000,90.000000,5.800000,0.000000,0.865000,0.000000,5.000000,300.000000,1.000000,2.000000,0.454229
005,0150,HASL_005_0150,36.713348,28.645876,0.676895,1.000000,1.000000,90.000000,5.800000,0.000000,0.865000,0.000000,5.000000,300.000000,1.000000,2.000000,0.466485
005,0149,HASL_005_0149,43.317830,28.172527,0.438726,0.638236,1.000000,90.000000,5.800000,0.000000,0.865000,0.000000,5.000000,300.000000,1.000000,2.000000,0.457405
005,0148,HASL_005_0148,49.198902,17.486973,0.900000,0.000000,1.000000,90.000000,5.800000,0.000000,0.865000,0.000000,5.000000,300.000000,1.000000,2.000000,0.416480
005,0147,HASL_005_0147,44.982225,27.317261,0.851731,0.452210,1.000000,90.000000,5.800000,0.000000,0.865000,0.000000,5.000000,300.000000,1.000000,2.000000,0.454093
005,0146,HASL_005_0146,35.000000,29.002104,0.400000,0.383987,1.000000,90.000000,5.800000,0.000000,0.865000,0.000000,5.000000,300.000000,1.000000,2.000000,0.463931
005,0145,HASL_005_0145,38.277622,23.412156,0.758239,1.000000,1.000000,90.000000,5.800000,0.000000,0.865000,0.000000,5.000000,300.000000,1.000000,2.000000,0.456052
005,0144,HASL_005_0144,39.608867,30.000000,0.400000,0.250413,1.000000,90.000000,5.800000,0.000000,0.865000,0.000000,5.000000,300.000000,1.000000,2.000000,0.459016
005,0143,HASL_005_0143,35.421530,30.000000,0.655410,0.874850,1.000000,90.000000,5.800000,0.000000,0.865000,0.000000,5.000000,300.000000,1.000000,2.000000,0.462811
005,0142,HASL_005_0142,43.262643,15.324556,0.900000,1.000000,1.000000,90.000000,5.800000,0.000000,0.865000,0.000000,5.000000,300.000000,1.000000,2.000000,0.436676
005,0141,HASL_005_0141,35.000000,12.765537,0.610425,1.000000,1.000000,90.000000,5.800000,0.000000,0.865000,0.000000,5.000000,300.000000,1.000000,2.000000,0.452693
005,0140,HASL_005_0140,38.075465,28.843062,0.851227,1.000000,1.000000,90.000000,5.800000,0.000000,0.865000,0.000000,5.000000,300.000000,1.000000,2.000000,0.466528
005,0139,HASL_005_0139,36.266395,26.684392,0.825653,0.824564,1.000000,90.000000,5.800000,0.000000,0.865000,0.000000,5.000000,300.000000,1.000000,2.000000,0.467473
005,0138,HASL_005_0138,49.607291,25.028618,0.661719,0.442184,1.000000,90.000000,5.800000,0.000000,0.865000,0.000000,5.000000,300.000000,1.000000,2.000000,0.439765
005,0137,HASL_005_0137,43.848010,21.879961,0.822328,0.000000,1.000000,90.000000,5.800000,0.000000,0.865000,0.000000,5.000000,300.000000,1.000000,2.000000,0.442948
005,0136,HASL_005_0136,35.784176,28.728844,0.585718,0.599766,1.000000,90.000000,5.800000,0.000000,0.865000,0.000000,5.000000,300.000000,1.000000,2.000000,0.465887
005,0135,HASL_005_0135,35.000000,22.740743,0.846969,0.789463,1.000000,90.000000,5.800000,0.000000,0.865000,0.000000,5.000000,300.000000,1.000000,2.000000,0.451029
005,0134,HASL_005_0134,46.588810,28.137470,0.720283,0.000000,1.000000,90.000000,5.800000,0.000000,0.865000,0.000000,5.000000,300.000000,1.000000,2.000000,0.446834
005,0133,HASL_005_0133,50.210098,28.659612,0.575984,0.602190,1.000000,90.000000,5.800000,0.000000,0.865000,0.000000,5.000000,300.000000,1.000000,2.000000,0.433559
005,0132,HASL_005_0132,35.000000,23.719138,0.900000,0.893274,1.000000,90.000000,5.800000,0.000000,0.865000,0.000000,5.000000,300.000000,1.000000,2.000000,0.477303
005,0131,HASL_005_0131,50.732189,29.690939,0.796986,0.191193,1.000000,90.000000,5.800000,0.000000,0.865000,0.000000,5.000000,300.000000,1.000000,2.000000,0.435338
005,0130,HASL_005_0130,35.000000,24.682230,0.881461,0.351115,1.000000,90.000000,5.800000,0.000000,0.865000,0.000000,5.000000,300.000000,1.000000,2.000000,0.474365
005,0129,HASL_005_0129,41.381916,28.542298,0.400000,1.000000,1.000000,90.000000,5.800000,0.000000,0.865000,0.000000,5.000000,300.000000,1.000000,2.000000,0.460201
005,0128,HASL_005_0128,38.123972,23.799844,0.829279,0.000000,1.000000,90.000000,5.800000,0.000000,0.865000,0.000000,5.000000,300.000000,1.000000,2.000000,0.472512
005,0127,HASL_005_0127,40.419920,30.000000,0.716642,0.305088,1.000000,90.000000,5.800000,0.000000,0.865000,0.000000,5.000000,300.000000,1.000000,2.000000,0.460351
005,0126,HASL_005_0126,35.000000,27.183150,0.492299,0.352564,1.000000,90.000000,5.800000,0.000000,0.865000,0.000000,5.000000,300.000000,1.000000,2.000000,0.464190
005,0125,HASL_005_0125,38.845354,14.003885,0.864559,0.228142,1.000000,90.000000,5.800000,0.000000,0.865000,0.000000,5.000000,300.000000,1.000000,2.000000,0.448266
005,0124,HASL_005_0124,35.250066,21.800417,0.400000,0.506070,1.000000,90.000000,5.800000,0.000000,0.865000,0.000000,5.000000,300.000000,1.000000,2.000000,0.440227
005,0123,HASL_005_0123,39.973422,19.204468,0.900000,1.000000,1.000000,90.000000,5.800000,0.000000,0.865000,0.000000,5.000000,300.000000,1.000000,2.000000,0.454608
005,0122,HASL_005_0122,45.322434,22.277211,0.414516,1.000000,1.000000,90.000000,5.800000,0.000000,0.865000,0.000000,5.000000,300.000000,1.000000,2.000000,0.428574
005,0121,HASL_005_0121,40.727683,22.659340,0.487128,0.613388,1.000000,90.000000,5.800000,0.000000,0.865000,0.000000,5.000000,300.000000,1.000000,2.000000,0.431482
005,0120,HASL_005_0120,40.005215,27.338559,0.540576,0.562686,1.000000,90.000000,5.800000,0.000000,0.865000,0.000000,5.000000,300.000000,1.000000,2.000000,0.458307
005,0119,HASL_005_0119,38.311218,23.284811,0.888405,1.000000,1.000000,90.000000,5.800000,0.000000,0.865000,0.000000,5.000000,300.000000,1.000000,2.000000,0.455919
005,0118,HASL_005_0118,35.000000,25.205997,0.878532,0.084415,1.000000,90.000000,5.800000,0.000000,0.865000,0.000000,5.000000,300.000000,1.000000,2.000000,0.472966
005,0117,HASL_005_0117,38.035923,24.792105,0.754593,0.648552,1.000000,90.000000,5.800000,0.000000,0.865000,0.000000,5.000000,300.000000,1.000000,2.000000,0.469586
005,0116,HASL_005_0116,38.234928,30.000000,0.594337,0.833955,1.000000,90.000000,5.800000,0.000000,0.865000,0.000000,5.000000,300.000000,1.000000,2.000000,0.461195
005,0115,HASL_005_0115,40.282624,26.663622,0.772038,0.191696,1.000000,90.000000,5.800000,0.000000,0.865000,0.000000,5.000000,300.000000,1.000000,2.000000,0.461583
005,0114,HASL_005_0114,35.000000,11.502842,0.677756,0.891636,1.000000,90.000000,5.800000,0.000000,0.865000,0.000000,5.000000,300.000000,1.000000,2.000000,0.442972
005,0113,HASL_005_0113,44.391909,27.864436,0.400000,0.290538,1.000000,90.000000,5.800000,0.000000,0.865000,0.000000,5.000000,300.000000,1.000000,2.000000,0.455183
005,0112,HASL_005_0112,44.982225,20.446631,0.900000,0.687659,1.000000,90.000000,5.800000,0.000000,0.865000,0.000000,5.000000,300.000000,1.000000,2.000000,0.439893
005,0111,HASL_005_0111,35.617774,27.916027,0.900000,0.481597,1.000000,90.000000,5.800000,0.000000,0.865000,0.000000,5.000000,300.000000,1.000000,2.000000,0.470253
005,0110,HASL_005_0110,35.000000,24.706448,0.900000,0.000000,1.000000,90.000000,5.800000,0.000000,0.865000,0.000000,5.000000,300.000000,1.000000,2.000000,0.474631
005,0109,HASL_005_0109,38.135411,18.619166,0.813877,0.000000,1.000000,90.000000,5.800000,0.000000,0.865000,0.000000,5.000000,300.000000,1.000000,2.000000,0.428678
005,0108,HASL_005_0108,47.374192,26.751763,0.673822,0.283651,1.000000,90.000000,5.800000,0.000000,0.865000,0.000000,5.000000,300.000000,1.000000,2.000000,0.443339
005,0107,HASL_005_0107,43.816234,21.198780,0.556060,0.690753,1.000000,90.000000,5.800000,0.000000,0.865000,0.000000,5.000000,300.000000,1.000000,2.000000,0.442304
005,0106,HASL_005_0106,42.405849,22.832282,0.553225,0.000000,1.000000,90.000000,5.800000,0.000000,0.865000,0.000000,5.000000,300.000000,1.000000,2.000000,0.432556
005,0105,HASL_005_0105,35.000000,30.000000,0.691151,0.081128,1.000000,90.000000,5.800000,0.000000,0.865000,0.000000,5.000000,300.000000,1.000000,2.000000,0.462894
005,0104,HASL_005_0104,60.798675,10.000000,0.692506,0.671930,1.000000,90.000000,5.800000,0.000000,0.865000,0.000000,5.000000,300.000000,1.000000,2.000000,0.370663
005,0103,HASL_005_0103,36.432320,23.819412,0.659742,0.979549,1.000000,90.000000,5.800000,0.000000,0.865000,0.000000,5.000000,300.000000,1.000000,2.000000,0.473703
005,0102,HASL_005_0102,55.721623,21.139859,0.693156,0.804769,1.000000,90.000000,5.800000,0.000000,0.865000,0.000000,5.000000,300.000000,1.000000,2.000000,0.402761
005,0101,HASL_005_0101,38.340885,27.636022,0.780751,0.646653,1.000000,90.000000,5.800000,0.000000,0.865000,0.000000,5.000000,300.000000,1.000000,2.000000,0.467310
005,0100,HASL_005_0100,40.685655,30.000000,0.900000,0.075743,1.000000,90.000000,5.800000,0.000000,0.865000,0.000000,5.000000,300.000000,1.000000,2.000000,0.461393
005,0099,HASL_005_0099,35.000000,10.535084,0.693156,0.545430,1.000000,90.000000,5.800000,0.000000,0.865000,0.000000,5.000000,300.000000,1.000000,2.000000,0.445737
005,0098,HASL_005_0098,49.607291,30.000000,0.900000,0.240624,1.000000,90.000000,5.800000,0.000000,0.865000,0.000000,5.000000,300.000000,1.000000,2.000000,0.440150
005,0097,HASL_005_0097,35.000000,30.000000,0.900000,0.395977,1.000000,90.000000,5.800000,0.000000,0.865000,0.000000,5.000000,300.000000,1.000000,2.000000,0.464400
005,0096,HASL_005_0096,41.804384,23.663977,0.453040,1.000000,1.000000,90.000000,5.800000,0.000000,0.865000,0.000000,5.000000,300.000000,1.000000,2.000000,0.462569
005,0095,HASL_005_0095,37.526192,22.299584,0.900000,0.352927,1.000000,90.000000,5.800000,0.000000,0.865000,0.000000,5.000000,300.000000,1.000000,2.000000,0.450905
005,0094,HASL_005_0094,43.630091,25.824147,0.775567,0.770026,1.000000,90.000000,5.800000,0.000000,0.865000,0.000000,5.000000,300.000000,1.000000,2.000000,0.456224
005,0093,HASL_005_0093,36.272536,30.000000,0.501388,0.984785,1.000000,90.000000,5.800000,0.000000,0.865000,0.000000,5.000000,300.000000,1.000000,2.000000,0.461885
005,0092,HASL_005_0092,41.104213,10.000000,0.900000,0.367321,1.000000,90.000000,5.800000,0.000000,0.865000,0.000000,5.000000,300.000000,1.000000,2.000000,0.441713
005,0091,HASL_005_0091,35.000000,30.000000,0.493368,0.377906,1.000000,90.000000,5.800000,0.000000,0.865000,0.000000,5.000000,300.000000,1.000000,2.000000,0.461380
005,0090,HASL_005_0090,35.617774,30.000000,0.823769,0.555190,1.000000,90.000000,5.800000,0.000000,0.865000,0.000000,5.000000,300.000000,1.000000,2.000000,0.463908
005,0089,HASL_005_0089,35.000000,24.929070,0.568086,0.553117,1.000000,90.000000,5.800000,0.000000,0.865000,0.000000,5.000000,300.000000,1.000000,2.000000,0.471035
005,0088,HASL_005_0088,35.000000,30.000000,0.863989,0.217014,1.000000,90.000000,5.800000,0.000000,0.865000,0.000000,5.000000,300.000000,1.000000,2.000000,0.464038
005,0087,HASL_005_0087,35.000000,30.000000,0.900000,0.349458,1.000000,90.000000,5.800000,0.000000,0.865000,0.000000,5.000000,300.000000,1.000000,2.000000,0.464514
005,0086,HASL_005_0086,39.276774,29.029017,0.772038,0.004506,1.000000,90.000000,5.800000,0.000000,0.865000,0.000000,5.000000,300.000000,1.000000,2.000000,0.464415
005,0085,HASL_005_0085,35.172857,23.553841,0.602370,0.684043,1.000000,90.000000,5.800000,0.000000,0.865000,0.000000,5.000000,300.000000,1.000000,2.000000,0.474803
005,0084,HASL_005_0084,41.263054,24.792105,0.816523,0.291780,1.000000,90.000000,5.800000,0.000000,0.865000,0.000000,5.000000,300.000000,1.000000,2.000000,0.464504
005,0083,HASL_005_0083,35.000000,24.843073,0.717847,0.452227,1.000000,90.000000,5.800000,0.000000,0.865000,0.000000,5.000000,300.000000,1.000000,2.000000,0.472828
005,0082,HASL_005_0082,35.000000,28.185246,0.744068,1.000000,1.000000,90.000000,5.800000,0.000000,0.865000,0.000000,5.000000,300.000000,1.000000,2.000000,0.468160
005,0081,HASL_005_0081,35.000000,30.000000,0.400000,1.000000,1.000000,90.000000,5.800000,0.000000,0.865000,0.000000,5.000000,300.000000,1.000000,2.000000,0.460645
005,0080,HASL_005_0080,40.493762,29.029513,0.755241,0.614475,1.000000,90.000000,5.800000,0.000000,0.865000,0.000000,5.000000,300.000000,1.000000,2.000000,0.463005
005,0079,HASL_005_0079,37.474136,25.596719,0.900000,0.162234,1.000000,90.000000,5.800000,0.000000,0.865000,0.000000,5.000000,300.000000,1.000000,2.000000,0.469696
005,0078,HASL_005_0078,35.000000,29.653239,0.642129,0.155447,1.000000,90.000000,5.800000,0.000000,0.865000,0.000000,5.000000,300.000000,1.000000,2.000000,0.464523
005,0077,HASL_005_0077,35.000000,30.000000,0.445374,1.000000,1.000000,90.000000,5.800000,0.000000,0.865000,0.000000,5.000000,300.000000,1.000000,2.000000,0.460872
005,0076,HASL_005_0076,35.000000,19.114513,0.669751,1.000000,1.000000,90.000000,5.800000,0.000000,0.865000,0.000000,5.000000,300.000000,1.000000,2.000000,0.430318
005,0075,HASL_005_0075,53.726522,28.416759,0.470401,0.121320,1.000000,90.000000,5.800000,0.000000,0.865000,0.000000,5.000000,300.000000,1.000000,2.000000,0.421757
005,0074,HASL_005_0074,35.000000,30.000000,0.565465,0.483104,1.000000,90.000000,5.800000,0.000000,0.865000,0.000000,5.000000,300.000000,1.000000,2.000000,0.462128
005,0073,HASL_005_0073,35.000000,23.799844,0.565860,0.561472,1.000000,90.000000,5.800000,0.000000,0.865000,0.000000,5.000000,300.000000,1.000000,2.000000,0.474153
005,0072,HASL_005_0072,36.721283,24.220518,0.645254,0.686387,1.000000,90.000000,5.800000,0.000000,0.865000,0.000000,5.000000,300.000000,1.000000,2.000000,0.472122
005,0071,HASL_005_0071,46.679428,28.273114,0.900000,0.685800,1.000000,90.000000,5.800000,0.000000,0.865000,0.000000,5.000000,300.000000,1.000000,2.000000,0.447775
005,0070,HASL_005_0070,35.000000,27.641286,0.886143,0.000000,1.000000,90.000000,5.800000,0.000000,0.865000,0.000000,5.000000,300.000000,1.000000,2.000000,0.471138
005,0069,HASL_005_0069,35.000000,25.578024,0.400000,0.196958,1.000000,90.000000,5.800000,0.000000,0.865000,0.000000,5.000000,300.000000,1.000000,2.000000,0.468047
005,0068,HASL_005_0068,35.000000,28.375410,0.575984,0.845374,1.000000,90.000000,5.800000,0.000000,0.865000,0.000000,5.000000,300.000000,1.000000,2.000000,0.466771
005,0067,HASL_005_0067,46.588810,28.830195,0.497344,0.455053,1.000000,90.000000,5.800000,0.000000,0.865000,0.000000,5.000000,300.000000,1.000000,2.000000,0.448139
005,0066,HASL_005_0066,36.972931,25.070514,0.689710,0.948417,1.000000,90.000000,5.800000,0.000000,0.865000,0.000000,5.000000,300.000000,1.000000,2.000000,0.469990
005,0065,HASL_005_0065,50.450502,30.000000,0.400000,0.453190,1.000000,90.000000,5.800000,0.000000,0.865000,0.000000,5.000000,300.000000,1.000000,2.000000,0.434432
005,0064,HASL_005_0064,41.474787,30.000000,0.822328,0.435355,1.000000,90.000000,5.800000,0.000000,0.865000,0.000000,5.000000,300.000000,1.000000,2.000000,0.459253
005,0063,HASL_005_0063,49.607291,24.769291,0.900000,1.000000,1.000000,90.000000,5.800000,0.000000,0.865000,0.000000,5.000000,300.000000,1.000000,2.000000,0.429362
005,0062,HASL_005_0062,35.608630,21.571363,0.900000,0.508631,1.000000,90.000000,5.800000,0.000000,0.865000,0.000000,5.000000,300.000000,1.000000,2.000000,0.454593
005,0061,HASL_005_0061,48.851754,17.160505,0.565169,0.810073,1.000000,90.000000,5.800000,0.000000,0.865000,0.000000,5.000000,300.000000,1.000000,2.000000,0.415045
005,0060,HASL_005_0060,35.000000,28.679702,0.400000,0.553988,1.000000,90.000000,5.800000,0.000000,0.865000,0.000000,5.000000,300.000000,1.000000,2.000000,0.464982
005,0059,HASL_005_0059,42.603403,24.253385,0.524325,0.271607,1.000000,90.000000,5.800000,0.000000,0.865000,0.000000,5.000000,300.000000,1.000000,2.000000,0.460335
005,0058,HASL_005_0058,44.597016,29.024670,0.660436,0.390052,1.000000,90.000000,5.800000,0.000000,0.865000,0.000000,5.000000,300.000000,1.000000,2.000000,0.452371
005,0057,HASL_005_0057,38.318610,27.837338,0.548819,0.000000,1.000000,90.000000,5.800000,0.000000,0.865000,0.000000,5.000000,300.000000,1.000000,2.000000,0.466444
005,0056,HASL_005_0056,35.000000,30.000000,0.886057,0.655505,1.000000,90.000000,5.800000,0.000000,0.865000,0.000000,5.000000,300.000000,1.000000,2.000000,0.464870
005,0055,HASL_005_0055,43.094288,23.369468,0.490055,0.000000,1.000000,90.000000,5.800000,0.000000,0.865000,0.000000,5.000000,300.000000,1.000000,2.000000,0.429427
005,0054,HASL_005_0054,43.350869,30.000000,0.515046,0.504526,1.000000,90.000000,5.800000,0.000000,0.865000,0.000000,5.000000,300.000000,1.000000,2.000000,0.453656
005,0053,HASL_005_0053,40.587147,30.000000,0.650206,0.626374,1.000000,90.000000,5.800000,0.000000,0.865000,0.000000,5.000000,300.000000,1.000000,2.000000,0.459500
005,0052,HASL_005_0052,43.317830,30.000000,0.400000,0.534597,1.000000,90.000000,5.800000,0.000000,0.865000,0.000000,5.000000,300.000000,1.000000,2.000000,0.452717
005,0051,HASL_005_0051,38.191879,22.725983,0.705570,0.714301,1.000000,90.000000,5.800000,0.000000,0.865000,0.000000,5.000000,300.000000,1.000000,2.000000,0.447526
005,0050,HASL_005_0050,42.737414,29.057133,0.900000,0.967766,1.000000,90.000000,5.800000,0.000000,0.865000,0.000000,5.000000,300.000000,1.000000,2.000000,0.459818
005,0049,HASL_005_0049,46.247562,25.529819,0.400000,0.000000,1.000000,90.000000,5.800000,0.000000,0.865000,0.000000,5.000000,300.000000,1.000000,2.000000,0.446991
005,0048,HASL_005_0048,45.462783,24.192554,0.400000,1.000000,1.000000,90.000000,5.800000,0.000000,0.865000,0.000000,5.000000,300.000000,1.000000,2.000000,0.451525
005,0047,HASL_005_0047,46.081403,30.000000,0.802297,0.000000,1.000000,90.000000,5.800000,0.000000,0.865000,0.000000,5.000000,300.000000,1.000000,2.000000,0.447546
005,0046,HASL_005_0046,36.241340,30.000000,0.825721,0.239814,1.000000,90.000000,5.800000,0.000000,0.865000,0.000000,5.000000,300.000000,1.000000,2.000000,0.463613
005,0045,HASL_005_0045,35.000000,30.000000,0.400000,0.553584,1.000000,90.000000,5.800000,0.000000,0.865000,0.000000,5.000000,300.000000,1.000000,2.000000,0.460892
005,0044,HASL_005_0044,47.772605,27.530671,0.400000,0.520966,1.000000,90.000000,5.800000,0.000000,0.865000,0.000000,5.000000,300.000000,1.000000,2.000000,0.438133
005,0043,HASL_005_0043,37.201749,27.344044,0.892299,0.333064,1.000000,90.000000,5.800000,0.000000,0.865000,0.000000,5.000000,300.000000,1.000000,2.000000,0.470416
005,0042,HASL_005_0042,38.969876,14.846614,0.507822,0.200000,1.000000,90.000000,5.800000,0.000000,0.865000,0.000000,5.000000,300.000000,1.000000,2.000000,0.442151
005,0041,HASL_005_0041,46.677429,12.185277,0.859277,0.557858,1.000000,90.000000,5.800000,0.000000,0.865000,0.000000,5.000000,300.000000,1.000000,2.000000,0.429401
005,0040,HASL_005_0040,35.000000,30.000000,0.900000,0.183812,1.000000,90.000000,5.800000,0.000000,0.865000,0.000000,5.000000,300.000000,1.000000,2.000000,0.464227
005,0039,HASL_005_0039,40.713442,30.000000,0.685945,0.149122,1.000000,90.000000,5.800000,0.000000,0.865000,0.000000,5.000000,300.000000,1.000000,2.000000,0.458355
005,0038,HASL_005_0038,40.790018,15.134334,0.589124,0.000000,1.000000,90.000000,5.800000,0.000000,0.865000,0.000000,5.000000,300.000000,1.000000,2.000000,0.439381
005,0037,HASL_005_0037,35.938237,24.682230,0.564591,1.000000,1.000000,90.000000,5.800000,0.000000,0.865000,0.000000,5.000000,300.000000,1.000000,2.000000,0.471018
005,0036,HASL_005_0036,36.872139,30.000000,0.715818,0.524909,1.000000,90.000000,5.800000,0.000000,0.865000,0.000000,5.000000,300.000000,1.000000,2.000000,0.462649
005,0035,HASL_005_0035,48.469475,24.687177,0.900000,0.314264,1.000000,90.000000,5.800000,0.000000,0.865000,0.000000,5.000000,300.000000,1.000000,2.000000,0.433021
005,0034,HASL_005_0034,42.557766,30.000000,0.886143,0.262962,1.000000,90.000000,5.800000,0.000000,0.865000,0.000000,5.000000,300.000000,1.000000,2.000000,0.457604
005,0033,HASL_005_0033,39.331983,29.390714,0.400000,0.804981,1.000000,90.000000,5.800000,0.000000,0.865000,0.000000,5.000000,300.000000,1.000000,2.000000,0.460894
005,0032,HASL_005_0032,35.000000,25.622806,0.791879,0.000000,1.000000,90.000000,5.800000,0.000000,0.865000,0.000000,5.000000,300.000000,1.000000,2.000000,0.471390
005,0031,HASL_005_0031,53.129744,24.203515,0.883394,0.545398,1.000000,90.000000,5.800000,0.000000,0.865000,0.000000,5.000000,300.000000,1.000000,2.000000,0.417381
005,0030,HASL_005_0030,37.848727,30.000000,0.758748,0.753905,1.000000,90.000000,5.800000,0.000000,0.865000,0.000000,5.000000,300.000000,1.000000,2.000000,0.462613
005,0029,HASL_005_0029,36.906513,30.000000,0.763342,0.756541,1.000000,90.000000,5.800000,0.000000,0.865000,0.000000,5.000000,300.000000,1.000000,2.000000,0.462978
005,0028,HASL_005_0028,41.251468,16.382440,0.400000,0.000000,1.000000,90.000000,5.800000,0.000000,0.865000,0.000000,5.000000,300.000000,1.000000,2.000000,0.429130
005,0027,HASL_005_0027,39.012560,29.158199,0.578773,0.036595,1.000000,90.000000,5.800000,0.000000,0.865000,0.000000,5.000000,300.000000,1.000000,2.000000,0.463108
005,0026,HASL_005_0026,47.466117,21.896489,0.400000,0.381791,1.000000,90.000000,5.800000,0.000000,0.865000,0.000000,5.000000,300.000000,1.000000,2.000000,0.424540
005,0025,HASL_005_0025,45.223858,28.844374,0.782150,0.658576,1.000000,90.000000,5.800000,0.000000,0.865000,0.000000,5.000000,300.000000,1.000000,2.000000,0.452351
005,0024,HASL_005_0024,48.348896,28.121448,0.900000,0.000000,1.000000,90.000000,5.800000,0.000000,0.865000,0.000000,5.000000,300.000000,1.000000,2.000000,0.442841
005,0023,HASL_005_0023,40.667546,25.736228,0.900000,0.345542,1.000000,90.000000,5.800000,0.000000,0.865000,0.000000,5.000000,300.000000,1.000000,2.000000,0.464070
005,0022,HASL_005_0022,35.000000,30.000000,0.454736,0.772761,1.000000,90.000000,5.800000,0.000000,0.865000,0.000000,5.000000,300.000000,1.000000,2.000000,0.461262
005,0021,HASL_005_0021,35.000000,26.952603,0.900000,0.689224,1.000000,90.000000,5.800000,0.000000,0.865000,0.000000,5.000000,300.000000,1.000000,2.000000,0.473645
005,0020,HASL_005_0020,38.041088,30.000000,0.575620,0.153847,1.000000,90.000000,5.800000,0.000000,0.865000,0.000000,5.000000,300.000000,1.000000,2.000000,0.461390
005,0019,HASL_005_0019,35.000000,26.790865,0.400000,0.582016,1.000000,90.000000,5.800000,0.000000,0.865000,0.000000,5.000000,300.000000,1.000000,2.000000,0.464290
005,0018,HASL_005_0018,35.000000,22.223501,0.858782,0.702451,1.000000,90.000000,5.800000,0.000000,0.865000,0.000000,5.000000,300.000000,1.000000,2.000000,0.452703
005,0017,HASL_005_0017,35.000000,30.000000,0.672340,0.797438,1.000000,90.000000,5.800000,0.000000,0.865000,0.000000,5.000000,300.000000,1.000000,2.000000,0.462635
005,0016,HASL_005_0016,35.000000,12.725558,0.478793,0.658628,1.000000,90.000000,5.800000,0.000000,0.865000,0.000000,5.000000,300.000000,1.000000,2.000000,0.451120
005,0015,HASL_005_0015,36.872139,24.223325,0.900000,0.348284,1.000000,90.000000,5.800000,0.000000,0.865000,0.000000,5.000000,300.000000,1.000000,2.000000,0.473999
005,0014,HASL_005_0014,35.000000,30.000000,0.563315,0.000000,1.000000,90.000000,5.800000,0.000000,0.865000,0.000000,5.000000,300.000000,1.000000,2.000000,0.463012
005,0013,HASL_005_0013,35.000000,22.078785,0.603765,0.795830,1.000000,90.000000,5.800000,0.000000,0.865000,0.000000,5.000000,300.000000,1.000000,2.000000,0.450728
005,0012,HASL_005_0012,43.817149,30.000000,0.896429,0.463271,1.000000,90.000000,5.800000,0.000000,0.865000,0.000000,5.000000,300.000000,1.000000,2.000000,0.453833
005,0011,HASL_005_0011,35.867438,30.000000,0.478678,0.845216,1.000000,90.000000,5.800000,0.000000,0.865000,0.000000,5.000000,300.000000,1.000000,2.000000,0.461444
005,0010,HASL_005_0010,37.437900,25.669131,0.400000,1.000000,1.000000,90.000000,5.800000,0.000000,0.865000,0.000000,5.000000,300.000000,1.000000,2.000000,0.465448
005,0009,HASL_005_0009,35.846524,10.043469,0.618616,0.600162,1.000000,90.000000,5.800000,0.000000,0.865000,0.000000,5.000000,300.000000,1.000000,2.000000,0.444047
005,0008,HASL_005_0008,39.308073,10.398722,0.780270,0.267060,1.000000,90.000000,5.800000,0.000000,0.865000,0.000000,5.000000,300.000000,1.000000,2.000000,0.442309
005,0007,HASL_005_0007,35.331193,29.015243,0.574178,0.000000,1.000000,90.000000,5.800000,0.000000,0.865000,0.000000,5.000000,300.000000,1.000000,2.000000,0.465211
005,0006,HASL_005_0006,35.000000,20.130828,0.543934,0.961461,1.000000,90.000000,5.800000,0.000000,0.865000,0.000000,5.000000,300.000000,1.000000,2.000000,0.453832
005,0005,HASL_005_0005,35.000000,30.000000,0.715680,0.643628,1.000000,90.000000,5.800000,0.000000,0.865000,0.000000,5.000000,300.000000,1.000000,2.000000,0.463723
005,0004,HASL_005_0004,35.000000,24.596334,0.740341,0.380073,1.000000,90.000000,5.800000,0.000000,0.865000,0.000000,5.000000,300.000000,1.000000,2.000000,0.473602
005,0003,HASL_005_0003,39.693521,29.390714,0.900000,1.000000,1.000000,90.000000,5.800000,0.000000,0.865000,0.000000,5.000000,300.000000,1.000000,2.000000,0.463922
005,0002,HASL_005_0002,35.136441,29.973650,0.886143,0.000000,1.000000,90.000000,5.800000,0.000000,0.865000,0.000000,5.000000,300.000000,1.000000,2.000000,0.464401
005,0001,HASL_005_0001,35.000000,28.605144,0.900000,0.000000,1.000000,90.000000,5.800000,0.000000,0.865000,0.000000,5.000000,300.000000,1.000000,2.000000,0.468138
006,0200,HASL_006_0200,52.284522,29.743080,0.400000,0.000000,1.000000,90.000000,5.800000,0.000000,0.865000,0.000000,5.000000,300.000000,1.000000,2.000000,0.429419
006,0199,HASL_006_0199,35.000000,11.323469,0.400000,0.586696,1.000000,90.000000,5.800000,0.000000,0.865000,0.000000,5.000000,300.000000,1.000000,2.000000,0.438931
006,0198,HASL_006_0198,38.390588,29.390714,0.541105,1.000000,1.000000,90.000000,5.800000,0.000000,0.865000,0.000000,5.000000,300.000000,1.000000,2.000000,0.462744
006,0197,HASL_006_0197,35.000000,13.387734,0.748814,0.374442,1.000000,90.000000,5.800000,0.000000,0.865000,0.000000,5.000000,300.000000,1.000000,2.000000,0.452485
006,0196,HASL_006_0196,38.465586,30.000000,0.503231,1.000000,1.000000,90.000000,5.800000,0.000000,0.865000,0.000000,5.000000,300.000000,1.000000,2.000000,0.460838
006,0195,HASL_006_0195,35.000000,30.000000,0.806552,1.000000,1.000000,90.000000,5.800000,0.000000,0.865000,0.000000,5.000000,300.000000,1.000000,2.000000,0.463398
006,0194,HASL_006_0194,35.331193,29.015243,0.900000,0.000000,1.000000,90.000000,5.800000,0.000000,0.865000,0.000000,5.000000,300.000000,1.000000,2.000000,0.468158
006,0193,HASL_006_0193,39.308073,29.840866,0.581442,0.655931,1.000000,90.000000,5.800000,0.000000,0.865000,0.000000,5.000000,300.000000,1.000000,2.000000,0.460795
006,0192,HASL_006_0192,43.226998,10.043469,0.717187,0.600162,1.000000,90.000000,5.800000,0.000000,0.865000,0.000000,5.000000,300.000000,1.000000,2.000000,0.434381
006,0191,HASL_006_0191,39.335936,30.000000,0.597346,0.887698,1.000000,90.000000,5.800000,0.000000,0.865000,0.000000,5.000000,300.000000,1.000000,2.000000,0.460728
006,0190,HASL_006_0190,35.000000,25.177556,0.768826,0.529292,1.000000,90.000000,5.800000,0.000000,0.865000,0.000000,5.000000,300.000000,1.000000,2.000000,0.472345
006,0189,HASL_006_0189,35.000000,25.039875,0.632688,0.000000,1.000000,90.000000,5.800000,0.000000,0.865000,0.000000,5.000000,300.000000,1.000000,2.000000,0.471381
006,0188,HASL_006_0188,38.782780,29.292356,0.489382,0.608620,1.000000,90.000000,5.800000,0.000000,0.865000,0.000000,5.000000,300.000000,1.000000,2.000000,0.462286
006,0187,HASL_006_0187,45.343636,26.659318,0.563315,0.000000,1.000000,90.000000,5.800000,0.000000,0.865000,0.000000,5.000000,300.000000,1.000000,2.000000,0.448158
006,0186,HASL_006_0186,36.872139,28.866797,0.900000,0.552564,1.000000,90.000000,5.800000,0.000000,0.865000,0.000000,5.000000,300.000000,1.000000,2.000000,0.467433
006,0185,HASL_006_0185,35.000000,29.241197,0.859898,0.000000,1.000000,90.000000,5.800000,0.000000,0.865000,0.000000,5.000000,300.000000,1.000000,2.000000,0.466204
006,0184,HASL_006_0184,37.616784,30.000000,0.672340,0.797438,1.000000,90.000000,5.800000,0.000000,0.865000,0.000000,5.000000,300.000000,1.000000,2.000000,0.462274
006,0183,HASL_006_0183,42.284988,18.780718,0.500346,0.558088,1.000000,90.000000,5.800000,0.000000,0.865000,0.000000,5.000000,300.000000,1.000000,2.000000,0.423441
006,0182,HASL_006_0182,35.775485,30.000000,0.688998,0.852337,1.000000,90.000000,5.800000,0.000000,0.865000,0.000000,5.000000,300.000000,1.000000,2.000000,0.462783
006,0181,HASL_006_0181,38.041088,30.000000,0.575620,0.000000,1.000000,90.000000,5.800000,0.000000,0.865000,0.000000,5.000000,300.000000,1.000000,2.000000,0.461315
006,0180,HASL_006_0180,35.677219,18.288991,0.900000,0.595215,1.000000,90.000000,5.800000,0.000000,0.865000,0.000000,5.000000,300.000000,1.000000,2.000000,0.433214
006,0179,HASL_006_0179,35.000000,30.000000,0.400000,0.716627,1.000000,90.000000,5.800000,0.000000,0.865000,0.000000,5.000000,300.000000,1.000000,2.000000,0.460931
006,0178,HASL_006_0178,36.437637,25.736228,0.619885,0.673844,1.000000,90.000000,5.800000,0.000000,0.865000,0.000000,5.000000,300.000000,1.000000,2.000000,0.468195
006,0177,HASL_006_0177,54.118839,26.769842,0.511795,0.226716,1.000000,90.000000,5.800000,0.000000,0.865000,0.000000,5.000000,300.000000,1.000000,2.000000,0.420783
006,0176,HASL_006_0176,35.000000,30.000000,0.792992,0.658576,1.000000,90.000000,5.800000,0.000000,0.865000,0.000000,5.000000,300.000000,1.000000,2.000000,0.463844
006,0175,HASL_006_0175,35.172857,13.533691,0.588236,0.722817,1.000000,90.000000,5.800000,0.000000,0.865000,0.000000,5.000000,300.000000,1.000000,2.000000,0.449622
006,0174,HASL_006_0174,39.012560,29.158199,0.645914,0.036595,1.000000,90.000000,5.800000,0.000000,0.865000,0.000000,5.000000,300.000000,1.000000,2.000000,0.463673
006,0173,HASL_006_0173,41.893441,19.888469,0.900000,0.432865,1.000000,90.000000,5.800000,0.000000,0.865000,0.000000,5.000000,300.000000,1.000000,2.000000,0.448730
006,0172,HASL_006_0172,35.000000,25.807636,0.628754,0.008293,1.000000,90.000000,5.800000,0.000000,0.865000,0.000000,5.000000,300.000000,1.000000,2.000000,0.469148
006,0171,HASL_006_0171,39.308073,28.669740,0.667339,0.267949,1.000000,90.000000,5.800000,0.000000,0.865000,0.000000,5.000000,300.000000,1.000000,2.000000,0.464631
006,0170,HASL_006_0170,37.724038,29.330019,0.628997,0.951533,1.000000,90.000000,5.800000,0.000000,0.865000,0.000000,5.000000,300.000000,1.000000,2.000000,0.463760
006,0169,HASL_006_0169,35.000000,28.061674,0.701566,0.000000,1.000000,90.000000,5.800000,0.000000,0.865000,0.000000,5.000000,300.000000,1.000000,2.000000,0.468666
006,0168,HASL_006_0168,45.493562,25.464779,0.400000,0.584156,1.000000,90.000000,5.800000,0.000000,0.865000,0.000000,5.000000,300.000000,1.000000,2.000000,0.449178
006,0167,HASL_006_0167,35.000000,25.794612,0.527716,1.000000,1.000000,90.000000,5.800000,0.000000,0.865000,0.000000,5.000000,300.000000,1.000000,2.000000,0.468049
006,0166,HASL_006_0166,39.412949,21.139859,0.681999,0.674806,1.000000,90.000000,5.800000,0.000000,0.865000,0.000000,5.000000,300.000000,1.000000,2.000000,0.449605
006,0165,HASL_006_0165,41.474787,30.000000,0.457390,0.414428,1.000000,90.000000,5.800000,0.000000,0.865000,0.000000,5.000000,300.000000,1.000000,2.000000,0.456626
006,0164,HASL_006_0164,35.000000,24.682230,0.564591,0.685027,1.000000,90.000000,5.800000,0.000000,0.865000,0.000000,5.000000,300.000000,1.000000,2.000000,0.471602
006,0163,HASL_006_0163,43.707922,26.551042,0.840886,0.985410,1.000000,90.000000,5.800000,0.000000,0.865000,0.000000,5.000000,300.000000,1.000000,2.000000,0.455216
006,0162,HASL_006_0162,40.947598,29.822961,0.542075,0.571266,1.000000,90.000000,5.800000,0.000000,0.865000,0.000000,5.000000,300.000000,1.000000,2.000000,0.458671
006,0161,HASL_006_0161,38.195789,23.411151,0.900000,0.183812,1.000000,90.000000,5.800000,0.000000,0.865000,0.000000,5.000000,300.000000,1.000000,2.000000,0.457171
006,0160,HASL_006_0160,35.000000,28.805855,0.552635,0.100519,1.000000,90.000000,5.800000,0.000000,0.865000,0.000000,5.000000,300.000000,1.000000,2.000000,0.465581
006,0159,HASL_006_0159,35.000000,24.723874,0.494099,0.559762,1.000000,90.000000,5.800000,0.000000,0.865000,0.000000,5.000000,300.000000,1.000000,2.000000,0.470959
006,0158,HASL_006_0158,37.201749,30.000000,0.513137,0.333064,1.000000,90.000000,5.800000,0.000000,0.865000,0.000000,5.000000,300.000000,1.000000,2.000000,0.461331
006,0157,HASL_006_0157,40.039276,24.975310,0.813456,0.498901,1.000000,90.000000,5.800000,0.000000,0.865000,0.000000,5.000000,300.000000,1.000000,2.000000,0.466494
006,0156,HASL_006_0156,38.864089,24.905757,0.854355,0.868250,1.000000,90.000000,5.800000,0.000000,0.865000,0.000000,5.000000,300.000000,1.000000,2.000000,0.468996
006,0155,HASL_006_0155,37.594384,28.753355,0.900000,0.546643,1.000000,90.000000,5.800000,0.000000,0.865000,0.000000,5.000000,300.000000,1.000000,2.000000,0.467376
006,0154,HASL_006_0154,45.137057,30.000000,0.400000,1.000000,1.000000,90.000000,5.800000,0.000000,0.865000,0.000000,5.000000,300.000000,1.000000,2.000000,0.448767
006,0153,HASL_006_0153,37.507122,30.000000,0.900000,1.000000,1.000000,90.000000,5.800000,0.000000,0.865000,0.000000,5.000000,300.000000,1.000000,2.000000,0.463528
006,0152,HASL_006_0152,35.000000,18.516692,0.870363,0.557858,1.000000,90.000000,5.800000,0.000000,0.865000,0.000000,5.000000,300.000000,1.000000,2.000000,0.433642
006,0151,HASL_006_0151,36.821201,21.100529,0.900000,0.567560,1.000000,90.000000,5.800000,0.000000,0.865000,0.000000,5.000000,300.000000,1.000000,2.000000,0.454617
006,0150,HASL_006_0150,36.713348,20.285805,0.676895,1.000000,1.000000,90.000000,5.800000,0.000000,0.865000,0.000000,5.000000,300.000000,1.000000,2.000000,0.455353
006,0149,HASL_006_0149,35.776127,30.000000,0.400000,1.000000,1.000000,90.000000,5.800000,0.000000,0.865000,0.000000,5.000000,300.000000,1.000000,2.000000,0.460487
006,0148,HASL_006_0148,35.000000,30.000000,0.650206,0.334182,1.000000,90.000000,5.800000,0.000000,0.865000,0.000000,5.000000,300.000000,1.000000,2.000000,0.462775
006,0147,HASL_006_0147,35.000000,22.023072,0.868231,1.000000,1.000000,90.000000,5.800000,0.000000,0.865000,0.000000,5.000000,300.000000,1.000000,2.000000,0.453074
006,0146,HASL_006_0146,38.701274,25.833684,0.785062,0.383987,1.000000,90.000000,5.800000,0.000000,0.865000,0.000000,5.000000,300.000000,1.000000,2.000000,0.466333
006,0145,HASL_006_0145,41.063102,22.952759,0.696055,0.000000,1.000000,90.000000,5.800000,0.000000,0.865000,0.000000,5.000000,300.000000,1.000000,2.000000,0.433813
006,0144,HASL_006_0144,38.318610,27.837338,0.548819,0.000000,1.000000,90.000000,5.800000,0.000000,0.865000,0.000000,5.000000,300.000000,1.000000,2.000000,0.467241
006,0143,HASL_006_0143,36.821201,30.000000,0.611513,1.000000,1.000000,90.000000,5.800000,0.000000,0.865000,0.000000,5.000000,300.000000,1.000000,2.000000,0.462063
006,0142,HASL_006_0142,35.000000,30.000000,0.400000,1.000000,1.000000,90.000000,5.800000,0.000000,0.865000,0.000000,5.000000,300.000000,1.000000,2.000000,0.460651
006,0141,HASL_006_0141,35.000000,28.063619,0.400000,0.553988,1.000000,90.000000,5.800000,0.000000,0.865000,0.000000,5.000000,300.000000,1.000000,2.000000,0.466824
006,0140,HASL_006_0140,39.306613,27.953575,0.400000,0.677874,1.000000,90.000000,5.800000,0.000000,0.865000,0.000000,5.000000,300.000000,1.000000,2.000000,0.464767
006,0139,HASL_006_0139,35.000000,13.856003,0.642813,0.000000,1.000000,90.000000,5.800000,0.000000,0.865000,0.000000,5.000000,300.000000,1.000000,2.000000,0.449766
006,0138,HASL_006_0138,39.371767,23.374059,0.900000,0.000000,1.000000,90.000000,5.800000,0.000000,0.865000,0.000000,5.000000,300.000000,1.000000,2.000000,0.455709
006,0137,HASL_006_0137,35.000000,28.416759,0.613712,0.435355,1.000000,90.000000,5.800000,0.000000,0.865000,0.000000,5.000000,300.000000,1.000000,2.000000,0.467949
006,0136,HASL_006_0136,39.046488,22.279888,0.585718,0.000000,1.000000,90.000000,5.800000,0.000000,0.865000,0.000000,5.000000,300.000000,1.000000,2.000000,0.437437
006,0135,HASL_006_0135,35.000000,11.816851,0.863484,0.718462,1.000000,90.000000,5.800000,0.000000,0.865000,0.000000,5.000000,300.000000,1.000000,2.000000,0.457608
006,0134,HASL_006_0134,48.311372,20.577819,0.859036,0.651375,1.000000,90.000000,5.800000,0.000000,0.865000,0.000000,5.000000,300.000000,1.000000,2.000000,0.429331
006,0133,HASL_006_0133,47.465631,29.833523,0.575984,0.476186,1.000000,90.000000,5.800000,0.000000,0.865000,0.000000,5.000000,300.000000,1.000000,2.000000,0.444628
006,0132,HASL_006_0132,35.000000,23.719138,0.735165,0.510188,1.000000,90.000000,5.800000,0.000000,0.865000,0.000000,5.000000,300.000000,1.000000,2.000000,0.475957
006,0131,HASL_006_0131,39.154312,22.104662,0.886143,0.000000,1.000000,90.000000,5.800000,0.000000,0.865000,0.000000,5.000000,300.000000,1.000000,2.000000,0.447890
006,0130,HASL_006_0130,35.230971,25.277374,0.649959,0.052016,1.000000,90.000000,5.800000,0.000000,0.865000,0.000000,5.000000,300.000000,1.000000,2.000000,0.470912
006,0129,HASL_006_0129,36.721283,24.220518,0.645254,0.686387,1.000000,90.000000,5.800000,0.000000,0.865000,0.000000,5.000000,300.000000,1.000000,2.000000,0.472272
006,0128,HASL_006_0128,35.000000,23.799844,0.900000,0.230167,1.000000,90.000000,5.800000,0.000000,0.865000,0.000000,5.000000,300.000000,1.000000,2.000000,0.476974
006,0127,HASL_006_0127,40.419920,28.298335,0.654160,0.961226,1.000000,90.000000,5.800000,0.000000,0.865000,0.000000,5.000000,300.000000,1.000000,2.000000,0.464165
006,0126,HASL_006_0126,35.000000,30.000000,0.400000,0.352564,1.000000,90.000000,5.800000,0.000000,0.865000,0.000000,5.000000,300.000000,1.000000,2.000000,0.460812
006,0125,HASL_006_0125,43.317830,25.831447,0.400000,0.228142,1.000000,90.000000,5.800000,0.000000,0.865000,0.000000,5.000000,300.000000,1.000000,2.000000,0.454040
006,0124,HASL_006_0124,48.536991,24.389110,0.618416,0.657497,1.000000,90.000000,5.800000,0.000000,0.865000,0.000000,5.000000,300.000000,1.000000,2.000000,0.430814
006,0123,HASL_006_0123,37.630157,25.037519,0.400000,0.223015,1.000000,90.000000,5.800000,0.000000,0.865000,0.000000,5.000000,300.000000,1.000000,2.000000,0.466655
006,0122,HASL_006_0122,38.185951,25.596719,0.885558,0.000000,1.000000,90.000000,5.800000,0.000000,0.865000,0.000000,5.000000,300.000000,1.000000,2.000000,0.468372
006,0121,HASL_006_0121,35.230971,28.273114,0.900000,0.614475,1.000000,90.000000,5.800000,0.000000,0.865000,0.000000,5.000000,300.000000,1.000000,2.000000,0.469336
006,0120,HASL_006_0120,35.000000,30.000000,0.900000,1.000000,1.000000,90.000000,5.800000,0.000000,0.865000,0.000000,5.000000,300.000000,1.000000,2.000000,0.463804
006,0119,HASL_006_0119,35.193839,28.692285,0.900000,1.000000,1.000000,90.000000,5.800000,0.000000,0.865000,0.000000,5.000000,300.000000,1.000000,2.000000,0.467914
006,0118,HASL_006_0118,49.159969,25.205997,0.878532,0.176715,1.000000,90.000000,5.800000,0.000000,0.865000,0.000000,5.000000,300.000000,1.000000,2.000000,0.429532
006,0117,HASL_006_0117,38.035923,24.792105,0.900000,0.648552,1.000000,90.000000,5.800000,0.000000,0.865000,0.000000,5.000000,300.000000,1.000000,2.000000,0.470986
006,0116,HASL_006_0116,35.172857,30.000000,0.602370,0.000000,1.000000,90.000000,5.800000,0.000000,0.865000,0.000000,5.000000,300.000000,1.000000,2.000000,0.463121
006,0115,HASL_006_0115,35.000000,30.000000,0.772038,0.567570,1.000000,90.000000,5.800000,0.000000,0.865000,0.000000,5.000000,300.000000,1.000000,2.000000,0.464624
006,0114,HASL_006_0114,35.000000,30.000000,0.900000,1.000000,1.000000,90.000000,5.800000,0.000000,0.865000,0.000000,5.000000,300.000000,1.000000,2.000000,0.463732
006,0113,HASL_006_0113,44.011945,27.579520,0.863989,0.341036,1.000000,90.000000,5.800000,0.000000,0.865000,0.000000,5.000000,300.000000,1.000000,2.000000,0.456191
006,0112,HASL_006_0112,35.000000,24.929070,0.568086,0.160422,1.000000,90.000000,5.800000,0.000000,0.865000,0.000000,5.000000,300.000000,1.000000,2.000000,0.471403
006,0111,HASL_006_0111,47.470713,30.000000,0.900000,0.722536,1.000000,90.000000,5.800000,0.000000,0.865000,0.000000,5.000000,300.000000,1.000000,2.000000,0.446005
006,0110,HASL_006_0110,43.933922,26.063637,0.885565,0.636810,1.000000,90.000000,5.800000,0.000000,0.865000,0.000000,5.000000,300.000000,1.000000,2.000000,0.456018
006,0109,HASL_006_0109,35.000000,30.000000,0.550978,0.024383,1.000000,90.000000,5.800000,0.000000,0.865000,0.000000,5.000000,300.000000,1.000000,2.000000,0.461852
006,0108,HASL_006_0108,35.000000,27.810930,0.501388,0.984785,1.000000,90.000000,5.800000,0.000000,0.865000,0.000000,5.000000,300.000000,1.000000,2.000000,0.468736
006,0107,HASL_006_0107,35.000000,28.897291,0.474149,0.770026,1.000000,90.000000,5.800000,0.000000,0.865000,0.000000,5.000000,300.000000,1.000000,2.000000,0.464568
006,0106,HASL_006_0106,36.277249,30.000000,0.435986,1.000000,1.000000,90.000000,5.800000,0.000000,0.865000,0.000000,5.000000,300.000000,1.000000,2.000000,0.460809
006,0105,HASL_006_0105,41.804384,27.229092,0.453040,0.432865,1.000000,90.000000,5.800000,0.000000,0.865000,0.000000,5.000000,300.000000,1.000000,2.000000,0.454681
006,0104,HASL_006_0104,46.934583,26.660473,0.824155,0.939690,1.000000,90.000000,5.800000,0.000000,0.865000,0.000000,5.000000,300.000000,1.000000,2.000000,0.445958
006,0103,HASL_006_0103,37.465433,20.669990,0.721597,0.979549,1.000000,90.000000,5.800000,0.000000,0.865000,0.000000,5.000000,300.000000,1.000000,2.000000,0.453730
006,0102,HASL_006_0102,35.000000,30.000000,0.400000,0.710938,1.000000,90.000000,5.800000,0.000000,0.865000,0.000000,5.000000,300.000000,1.000000,2.000000,0.461085
006,0101,HASL_006_0101,35.000000,30.000000,0.900000,1.000000,1.000000,90.000000,5.800000,0.000000,0.865000,0.000000,5.000000,300.000000,1.000000,2.000000,0.463737
006,0100,HASL_006_0100,35.000000,30.000000,0.780751,0.646653,1.000000,90.000000,5.800000,0.000000,0.865000,0.000000,5.000000,300.000000,1.000000,2.000000,0.463461
006,0099,HASL_006_0099,55.721623,30.000000,0.900000,0.804769,1.000000,90.000000,5.800000,0.000000,0.865000,0.000000,5.000000,300.000000,1.000000,2.000000,0.415396
006,0098,HASL_006_0098,43.114393,30.000000,0.659742,0.979549,1.000000,90.000000,5.800000,0.000000,0.865000,0.000000,5.000000,300.000000,1.000000,2.000000,0.453636
006,0097,HASL_006_0097,35.000000,26.561753,0.900000,0.624718,1.000000,90.000000,5.800000,0.000000,0.865000,0.000000,5.000000,300.000000,1.000000,2.000000,0.469392
006,0096,HASL_006_0096,40.173202,30.000000,0.691151,0.081128,1.000000,90.000000,5.800000,0.000000,0.865000,0.000000,5.000000,300.000000,1.000000,2.000000,0.460326
006,0095,HASL_006_0095,35.000000,10.630340,0.900000,0.352927,1.000000,90.000000,5.800000,0.000000,0.865000,0.000000,5.000000,300.000000,1.000000,2.000000,0.447945
006,0094,HASL_006_0094,35.000000,30.000000,0.736734,1.000000,1.000000,90.000000,5.800000,0.000000,0.865000,0.000000,5.000000,300.000000,1.000000,2.000000,0.463906
006,0093,HASL_006_0093,37.473730,29.744373,0.501388,0.675381,1.000000,90.000000,5.800000,0.000000,0.865000,0.000000,5.000000,300.000000,1.000000,2.000000,0.461839
006,0092,HASL_006_0092,41.104213,30.000000,0.729519,0.313864,1.000000,90.000000,5.800000,0.000000,0.865000,0.000000,5.000000,300.000000,1.000000,2.000000,0.459131
006,0091,HASL_006_0091,45.531216,30.000000,0.405632,0.000000,1.000000,90.000000,5.800000,0.000000,0.865000,0.000000,5.000000,300.000000,1.000000,2.000000,0.447658
006,0090,HASL_006_0090,35.617774,27.916027,0.900000,0.481597,1.000000,90.000000,5.800000,0.000000,0.865000,0.000000,5.000000,300.000000,1.000000,2.000000,0.470399
006,0089,HASL_006_0089,35.914517,28.417558,0.400000,0.624453,1.000000,90.000000,5.800000,0.000000,0.865000,0.000000,5.000000,300.000000,1.000000,2.000000,0.465906
006,0088,HASL_006_0088,38.701932,30.000000,0.400000,0.264592,1.000000,90.000000,5.800000,0.000000,0.865000,0.000000,5.000000,300.000000,1.000000,2.000000,0.459623
006,0087,HASL_006_0087,37.594384,13.203236,0.594250,0.137402,1.000000,90.000000,5.800000,0.000000,0.865000,0.000000,5.000000,300.000000,1.000000,2.000000,0.448638
006,0086,HASL_006_0086,40.282624,23.214260,0.900000,0.482017,1.000000,90.000000,5.800000,0.000000,0.865000,0.000000,5.000000,300.000000,1.000000,2.000000,0.454652
006,0085,HASL_006_0085,35.749449,23.553841,0.400000,0.684043,1.000000,90.000000,5.800000,0.000000,0.865000,0.000000,5.000000,300.000000,1.000000,2.000000,0.433656
006,0084,HASL_006_0084,40.107782,26.958997,0.754593,0.608960,1.000000,90.000000,5.800000,0.000000,0.865000,0.000000,5.000000,300.000000,1.000000,2.000000,0.461300
006,0083,HASL_006_0083,35.000000,25.205997,0.878532,0.452227,1.000000,90.000000,5.800000,0.000000,0.865000,0.000000,5.000000,300.000000,1.000000,2.000000,0.473094
006,0082,HASL_006_0082,35.193839,24.602222,0.400000,0.142603,1.000000,90.000000,5.800000,0.000000,0.865000,0.000000,5.000000,300.000000,1.000000,2.000000,0.470528
006,0081,HASL_006_0081,39.909928,30.000000,0.540576,0.562686,1.000000,90.000000,5.800000,0.000000,0.865000,0.000000,5.000000,300.000000,1.000000,2.000000,0.459703
006,0080,HASL_006_0080,35.000000,22.659340,0.900000,0.526861,1.000000,90.000000,5.800000,0.000000,0.865000,0.000000,5.000000,300.000000,1.000000,2.000000,0.451476
006,0079,HASL_006_0079,41.281097,28.029016,0.400000,1.000000,1.000000,90.000000,5.800000,0.000000,0.865000,0.000000,5.000000,300.000000,1.000000,2.000000,0.461381
006,0078,HASL_006_0078,39.012560,24.133509,0.504599,0.155447,1.000000,90.000000,5.800000,0.000000,0.865000,0.000000,5.000000,300.000000,1.000000,2.000000,0.467571
006,0077,HASL_006_0077,35.000000,28.072660,0.445374,1.000000,1.000000,90.000000,5.800000,0.000000,0.865000,0.000000,5.000000,300.000000,1.000000,2.000000,0.466699
006,0076,HASL_006_0076,35.000000,30.000000,0.541020,0.318674,1.000000,90.000000,5.800000,0.000000,0.865000,0.000000,5.000000,300.000000,1.000000,2.000000,0.461573
006,0075,HASL_006_0075,42.316402,28.416759,0.492299,0.135565,1.000000,90.000000,5.800000,0.000000,0.865000,0.000000,5.000000,300.000000,1.000000,2.000000,0.459399
006,0074,HASL_006_0074,35.000000,30.000000,0.452379,0.767708,1.000000,90.000000,5.800000,0.000000,0.865000,0.000000,5.000000,300.000000,1.000000,2.000000,0.461305
006,0073,HASL_006_0073,35.000000,23.799844,0.533290,0.306149,1.000000,90.000000,5.800000,0.000000,0.865000,0.000000,5.000000,300.000000,1.000000,2.000000,0.473902
006,0072,HASL_006_0072,36.721283,30.000000,0.815833,0.686387,1.000000,90.000000,5.800000,0.000000,0.865000,0.000000,5.000000,300.000000,1.000000,2.000000,0.463462
006,0071,HASL_006_0071,35.000000,30.000000,0.881461,0.333064,1.000000,90.000000,5.800000,0.000000,0.865000,0.000000,5.000000,300.000000,1.000000,2.000000,0.464175
006,0070,HASL_006_0070,36.035120,29.247871,0.900000,0.380014,1.000000,90.000000,5.800000,0.000000,0.865000,0.000000,5.000000,300.000000,1.000000,2.000000,0.467077
006,0069,HASL_006_0069,35.000000,23.719138,0.648350,0.893274,1.000000,90.000000,5.800000,0.000000,0.865000,0.000000,5.000000,300.000000,1.000000,2.000000,0.475017
006,0068,HASL_006_0068,35.000000,23.481169,0.575984,0.092539,1.000000,90.000000,5.800000,0.000000,0.865000,0.000000,5.000000,300.000000,1.000000,2.000000,0.475059
006,0067,HASL_006_0067,35.000000,29.951444,0.536491,0.000000,1.000000,90.000000,5.800000,0.000000,0.865000,0.000000,5.000000,300.000000,1.000000,2.000000,0.462024
006,0066,HASL_006_0066,46.072008,25.070514,0.846969,1.000000,1.000000,90.000000,5.800000,0.000000,0.865000,0.000000,5.000000,300.000000,1.000000,2.000000,0.451800
006,0065,HASL_006_0065,35.000000,27.953402,0.785997,0.761961,1.000000,90.000000,5.800000,0.000000,0.865000,0.000000,5.000000,300.000000,1.000000,2.000000,0.469421
006,0064,HASL_006_0064,35.000000,29.327788,0.822328,0.435355,1.000000,90.000000,5.800000,0.000000,0.865000,0.000000,5.000000,300.000000,1.000000,2.000000,0.465541
006,0063,HASL_006_0063,49.607291,30.000000,0.671848,0.442184,1.000000,90.000000,5.800000,0.000000,0.865000,0.000000,5.000000,300.000000,1.000000,2.000000,0.438771
006,0062,HASL_006_0062,35.000000,25.527304,0.579429,0.508631,1.000000,90.000000,5.800000,0.000000,0.865000,0.000000,5.000000,300.000000,1.000000,2.000000,0.469612
006,0061,HASL_006_0061,38.075465,29.393468,0.729013,0.270866,1.000000,90.000000,5.800000,0.000000,0.865000,0.000000,5.000000,300.000000,1.000000,2.000000,0.464115
006,0060,HASL_006_0060,35.000000,28.086860,0.400000,1.000000,1.000000,90.000000,5.800000,0.000000,0.865000,0.000000,5.000000,300.000000,1.000000,2.000000,0.466322
006,0059,HASL_006_0059,40.111442,26.091243,0.900000,0.069535,1.000000,90.000000,5.800000,0.000000,0.865000,0.000000,5.000000,300.000000,1.000000,2.000000,0.464196
006,0058,HASL_006_0058,49.645139,23.733023,0.594755,0.785500,1.000000,90.000000,5.800000,0.000000,0.865000,0.000000,5.000000,300.000000,1.000000,2.000000,0.426784
006,0057,HASL_006_0057,38.318610,30.000000,0.578270,0.326633,1.000000,90.000000,5.800000,0.000000,0.865000,0.000000,5.000000,300.000000,1.000000,2.000000,0.460741
006,0056,HASL_006_0056,35.000000,30.000000,0.822359,1.000000,1.000000,90.000000,5.800000,0.000000,0.865000,0.000000,5.000000,300.000000,1.000000,2.000000,0.463303
006,0055,HASL_006_0055,35.000000,29.002104,0.708308,0.565201,1.000000,90.000000,5.800000,0.000000,0.865000,0.000000,5.000000,300.000000,1.000000,2.000000,0.465843
006,0054,HASL_006_0054,43.350869,24.338412,0.740341,0.542637,1.000000,90.000000,5.800000,0.000000,0.865000,0.000000,5.000000,300.000000,1.000000,2.000000,0.459792
006,0053,HASL_006_0053,36.604195,30.000000,0.900000,0.626374,1.000000,90.000000,5.800000,0.000000,0.865000,0.000000,5.000000,300.000000,1.000000,2.000000,0.464038
006,0052,HASL_006_0052,43.317830,30.000000,0.706495,0.770623,1.000000,90.000000,5.800000,0.000000,0.865000,0.000000,5.000000,300.000000,1.000000,2.000000,0.453607
006,0051,HASL_006_0051,42.053719,10.000000,0.676895,0.136297,1.000000,90.000000,5.800000,0.000000,0.865000,0.000000,5.000000,300.000000,1.000000,2.000000,0.437529
006,0050,HASL_006_0050,40.641248,30.000000,0.685835,0.888040,1.000000,90.000000,5.800000,0.000000,0.865000,0.000000,5.000000,300.000000,1.000000,2.000000,0.459734
006,0049,HASL_006_0049,35.707567,27.389043,0.400000,0.956965,1.000000,90.000000,5.800000,0.000000,0.865000,0.000000,5.000000,300.000000,1.000000,2.000000,0.462166
006,0048,HASL_006_0048,36.946423,30.000000,0.400000,1.000000,1.000000,90.000000,5.800000,0.000000,0.865000,0.000000,5.000000,300.000000,1.000000,2.000000,0.460499
006,0047,HASL_006_0047,35.000000,28.360275,0.400000,1.000000,1.000000,90.000000,5.800000,0.000000,0.865000,0.000000,5.000000,300.000000,1.000000,2.000000,0.465820
006,0046,HASL_006_0046,35.000000,19.632045,0.900000,0.309148,1.000000,90.000000,5.800000,0.000000,0.865000,0.000000,5.000000,300.000000,1.000000,2.000000,0.459661
006,0045,HASL_006_0045,37.981386,28.617602,0.415160,0.778563,1.000000,90.000000,5.800000,0.000000,0.865000,0.000000,5.000000,300.000000,1.000000,2.000000,0.464196
006,0044,HASL_006_0044,40.039276,30.000000,0.758469,0.426246,1.000000,90.000000,5.800000,0.000000,0.865000,0.000000,5.000000,300.000000,1.000000,2.000000,0.459811
006,0043,HASL_006_0043,35.000000,27.344044,0.896931,0.992608,1.000000,90.000000,5.800000,0.000000,0.865000,0.000000,5.000000,300.000000,1.000000,2.000000,0.472358
006,0042,HASL_006_0042,35.000000,28.699305,0.668792,0.047279,1.000000,90.000000,5.800000,0.000000,0.865000,0.000000,5.000000,300.000000,1.000000,2.000000,0.467395
006,0041,HASL_006_0041,35.000000,27.265036,0.900000,0.557858,1.000000,90.000000,5.800000,0.000000,0.865000,0.000000,5.000000,300.000000,1.000000,2.000000,0.473114
006,0040,HASL_006_0040,47.321810,24.549301,0.736730,0.793380,1.000000,90.000000,5.800000,0.000000,0.865000,0.000000,5.000000,300.000000,1.000000,2.000000,0.435122
006,0039,HASL_006_0039,38.799091,30.000000,0.779614,0.366299,1.000000,90.000000,5.800000,0.000000,0.865000,0.000000,5.000000,300.000000,1.000000,2.000000,0.462385
006,0038,HASL_006_0038,35.000000,30.000000,0.900000,0.985410,1.000000,90.000000,5.800000,0.000000,0.865000,0.000000,5.000000,300.000000,1.000000,2.000000,0.463836
006,0037,HASL_006_0037,35.661747,20.219257,0.900000,0.000000,1.000000,90.000000,5.800000,0.000000,0.865000,0.000000,5.000000,300.000000,1.000000,2.000000,0.457882
006,0036,HASL_006_0036,40.140707,29.015243,0.400000,1.000000,1.000000,90.000000,5.800000,0.000000,0.865000,0.000000,5.000000,300.000000,1.000000,2.000000,0.461112
006,0035,HASL_006_0035,41.508551,30.000000,0.590618,0.634704,1.000000,90.000000,5.800000,0.000000,0.865000,0.000000,5.000000,300.000000,1.000000,2.000000,0.456421
006,0034,HASL_006_0034,35.000000,14.219875,0.900000,0.000000,1.000000,90.000000,5.800000,0.000000,0.865000,0.000000,5.000000,300.000000,1.000000,2.000000,0.452470
006,0033,HASL_006_0033,41.682835,29.390714,0.457847,0.804981,1.000000,90.000000,5.800000,0.000000,0.865000,0.000000,5.000000,300.000000,1.000000,2.000000,0.458032
006,0032,HASL_006_0032,36.498366,17.557321,0.588102,1.000000,1.000000,90.000000,5.800000,0.000000,0.865000,0.000000,5.000000,300.000000,1.000000,2.000000,0.431016
006,0031,HASL_006_0031,39.371329,30.000000,0.463042,0.963061,1.000000,90.000000,5.800000,0.000000,0.865000,0.000000,5.000000,300.000000,1.000000,2.000000,0.459570
006,0030,HASL_006_0030,35.000000,28.273114,0.400000,0.055846,1.000000,90.000000,5.800000,0.000000,0.865000,0.000000,5.000000,300.000000,1.000000,2.000000,0.465989
006,0029,HASL_006_0029,35.000000,24.404909,0.900000,0.756541,1.000000,90.000000,5.800000,0.000000,0.865000,0.000000,5.000000,300.000000,1.000000,2.000000,0.475209
006,0028,HASL_006_0028,35.000000,30.000000,0.526959,0.032154,1.000000,90.000000,5.800000,0.000000,0.865000,0.000000,5.000000,300.000000,1.000000,2.000000,0.461635
006,0027,HASL_006_0027,44.310595,30.000000,0.900000,0.305925,1.000000,90.000000,5.800000,0.000000,0.865000,0.000000,5.000000,300.000000,1.000000,2.000000,0.453963
006,0026,HASL_006_0026,46.404033,29.081319,0.601025,1.000000,1.000000,90.000000,5.800000,0.000000,0.865000,0.000000,5.000000,300.000000,1.000000,2.000000,0.448914
006,0025,HASL_006_0025,35.000000,26.669223,0.557699,0.783544,1.000000,90.000000,5.800000,0.000000,0.865000,0.000000,5.000000,300.000000,1.000000,2.000000,0.466102
006,0024,HASL_006_0024,42.055772,30.000000,0.616336,0.561173,1.000000,90.000000,5.800000,0.000000,0.865000,0.000000,5.000000,300.000000,1.000000,2.000000,0.456869
006,0023,HASL_006_0023,46.450575,22.075703,0.900000,0.932671,1.000000,90.000000,5.800000,0.000000,0.865000,0.000000,5.000000,300.000000,1.000000,2.000000,0.435726
006,0022,HASL_006_0022,35.000000,26.702548,0.676308,0.282678,1.000000,90.000000,5.800000,0.000000,0.865000,0.000000,5.000000,300.000000,1.000000,2.000000,0.466646
006,0021,HASL_006_0021,35.000000,27.050304,0.830122,0.507938,1.000000,90.000000,5.800000,0.000000,0.865000,0.000000,5.000000,300.000000,1.000000,2.000000,0.472823
006,0020,HASL_006_0020,35.000000,26.819181,0.490576,0.781879,1.000000,90.000000,5.800000,0.000000,0.865000,0.000000,5.000000,300.000000,1.000000,2.000000,0.465373
006,0019,HASL_006_0019,35.000000,10.000000,0.900000,0.656845,1.000000,90.000000,5.800000,0.000000,0.865000,0.000000,5.000000,300.000000,1.000000,2.000000,0.449796
006,0018,HASL_006_0018,45.575870,23.263295,0.858306,1.000000,1.000000,90.000000,5.800000,0.000000,0.865000,0.000000,5.000000,300.000000,1.000000,2.000000,0.443216
006,0017,HASL_006_0017,39.395010,30.000000,0.633709,1.000000,1.000000,90.000000,5.800000,0.000000,0.865000,0.000000,5.000000,300.000000,1.000000,2.000000,0.460756
006,0016,HASL_006_0016,35.000000,30.000000,0.687092,0.000000,1.000000,90.000000,5.800000,0.000000,0.865000,0.000000,5.000000,300.000000,1.000000,2.000000,0.462700
006,0015,HASL_006_0015,36.872139,28.988337,0.900000,0.629414,1.000000,90.000000,5.800000,0.000000,0.865000,0.000000,5.000000,300.000000,1.000000,2.000000,0.466646
006,0014,HASL_006_0014,43.226998,27.091455,0.541230,0.317200,1.000000,90.000000,5.800000,0.000000,0.865000,0.000000,5.000000,300.000000,1.000000,2.000000,0.452311
006,0013,HASL_006_0013,39.169835,27.960820,0.470401,0.107503,1.000000,90.000000,5.800000,0.000000,0.865000,0.000000,5.000000,300.000000,1.000000,2.000000,0.464386
006,0012,HASL_006_0012,41.610965,29.390714,0.433716,0.608105,1.000000,90.000000,5.800000,0.000000,0.865000,0.000000,5.000000,300.000000,1.000000,2.000000,0.457878
006,0011,HASL_006_0011,35.000000,30.000000,0.400000,0.845216,1.000000,90.000000,5.800000,0.000000,0.865000,0.000000,5.000000,300.000000,1.000000,2.000000,0.460757
006,0010,HASL_006_0010,35.000000,24.975310,0.702237,0.850704,1.000000,90.000000,5.800000,0.000000,0.865000,0.000000,5.000000,300.000000,1.000000,2.000000,0.471950
006,0009,HASL_006_0009,43.692369,28.214236,0.900000,0.000000,1.000000,90.000000,5.800000,0.000000,0.865000,0.000000,5.000000,300.000000,1.000000,2.000000,0.455753
006,0008,HASL_006_0008,42.100297,22.946478,0.856341,0.661237,1.000000,90.000000,5.800000,0.000000,0.865000,0.000000,5.000000,300.000000,1.000000,2.000000,0.441317
006,0007,HASL_006_0007,35.000000,14.687084,0.574178,0.262997,1.000000,90.000000,5.800000,0.000000,0.865000,0.000000,5.000000,300.000000,1.000000,2.000000,0.447272
006,0006,HASL_006_0006,39.154312,20.130828,0.774090,0.961461,1.000000,90.000000,5.800000,0.000000,0.865000,0.000000,5.000000,300.000000,1.000000,2.000000,0.451859
006,0005,HASL_006_0005,35.000000,25.114054,0.794920,0.759615,1.000000,90.000000,5.800000,0.000000,0.865000,0.000000,5.000000,300.000000,1.000000,2.000000,0.472578
006,0004,HASL_006_0004,41.457262,30.000000,0.900000,1.000000,1.000000,90.000000,5.800000,0.000000,0.865000,0.000000,5.000000,300.000000,1.000000,2.000000,0.459836
006,0003,HASL_006_0003,35.000000,29.390714,0.886096,1.000000,1.000000,90.000000,5.800000,0.000000,0.865000,0.000000,5.000000,300.000000,1.000000,2.000000,0.466401
006,0002,HASL_006_0002,35.000000,26.110887,0.400000,0.000000,1.000000,90.000000,5.800000,0.000000,0.865000,0.000000,5.000000,300.000000,1.000000,2.000000,0.466375
006,0001,HASL_006_0001,35.000000,28.605144,0.484535,0.569846,1.000000,90.000000,5.800000,0.000000,0.865000,0.000000,5.000000,300.000000,1.000000,2.000000,0.465597
007,0200,HASL_007_0200,35.000000,28.605144,0.900000,0.000000,1.000000,90.000000,5.800000,0.000000,0.865000,0.000000,5.000000,300.000000,1.000000,2.000000,0.468170
007,0199,HASL_007_0199,35.000000,26.615075,0.886143,0.774664,1.000000,90.000000,5.800000,0.000000,0.865000,0.000000,5.000000,300.000000,1.000000,2.000000,0.469121
007,0198,HASL_007_0198,35.000000,25.745784,0.400000,0.203502,1.000000,90.000000,5.800000,0.000000,0.865000,0.000000,5.000000,300.000000,1.000000,2.000000,0.467466
007,0197,HASL_007_0197,36.847701,24.596334,0.473743,0.182368,1.000000,90.000000,5.800000,0.000000,0.865000,0.000000,5.000000,300.000000,1.000000,2.000000,0.469821
007,0196,HASL_007_0196,35.000000,25.114054,0.739631,0.610230,1.000000,90.000000,5.800000,0.000000,0.865000,0.000000,5.000000,300.000000,1.000000,2.000000,0.472213
007,0195,HASL_007_0195,35.000000,25.570605,0.900000,0.961461,1.000000,90.000000,5.800000,0.000000,0.865000,0.000000,5.000000,300.000000,1.000000,2.000000,0.472180
007,0194,HASL_007_0194,37.654211,25.563643,0.860472,0.000000,1.000000,90.000000,5.800000,0.000000,0.865000,0.000000,5.000000,300.000000,1.000000,2.000000,0.469206
007,0193,HASL_007_0193,42.495427,25.028618,0.819635,0.962196,1.000000,90.000000,5.800000,0.000000,0.865000,0.000000,5.000000,300.000000,1.000000,2.000000,0.460993
007,0192,HASL_007_0192,35.000000,26.368454,0.688144,0.000000,1.000000,90.000000,5.800000,0.000000,0.865000,0.000000,5.000000,300.000000,1.000000,2.000000,0.468227
007,0191,HASL_007_0191,35.000000,24.975310,0.868232,0.850704,1.000000,90.000000,5.800000,0.000000,0.865000,0.000000,5.000000,300.000000,1.000000,2.000000,0.473631
007,0190,HASL_007_0190,41.654264,25.587484,0.834234,0.804417,1.000000,90.000000,5.800000,0.000000,0.865000,0.000000,5.000000,300.000000,1.000000,2.000000,0.461978
007,0189,HASL_007_0189,35.193839,29.390714,0.433716,0.608105,1.000000,90.000000,5.800000,0.000000,0.865000,0.000000,5.000000,300.000000,1.000000,2.000000,0.463259
007,0188,HASL_007_0188,35.000000,27.960820,0.796519,0.107503,1.000000,90.000000,5.800000,0.000000,0.865000,0.000000,5.000000,300.000000,1.000000,2.000000,0.470447
007,0187,HASL_007_0187,35.000000,25.181261,0.563315,0.891535,1.000000,90.000000,5.800000,0.000000,0.865000,0.000000,5.000000,300.000000,1.000000,2.000000,0.470453
007,0186,HASL_007_0186,35.000000,30.000000,0.799100,0.348284,1.000000,90.000000,5.800000,0.000000,0.865000,0.000000,5.000000,300.000000,1.000000,2.000000,0.463786
007,0185,HASL_007_0185,37.070354,29.241197,0.687092,0.866663,1.000000,90.000000,5.800000,0.000000,0.865000,0.000000,5.000000,300.000000,1.000000,2.000000,0.464628
007,0184,HASL_007_0184,35.000000,24.570377,0.559945,1.000000,1.000000,90.000000,5.800000,0.000000,0.865000,0.000000,5.000000,300.000000,1.000000,2.000000,0.472085
007,0183,HASL_007_0183,35.184777,27.317796,0.500346,0.558088,1.000000,90.000000,5.800000,0.000000,0.865000,0.000000,5.000000,300.000000,1.000000,2.000000,0.463959
007,0182,HASL_007_0182,36.125888,26.790865,0.400000,0.262073,1.000000,90.000000,5.800000,0.000000,0.865000,0.000000,5.000000,300.000000,1.000000,2.000000,0.463618
007,0181,HASL_007_0181,35.000000,30.000000,0.879450,0.235043,1.000000,90.000000,5.800000,0.000000,0.865000,0.000000,5.000000,300.000000,1.000000,2.000000,0.465240
007,0180,HASL_007_0180,35.000000,24.813648,0.900000,0.689224,1.000000,90.000000,5.800000,0.000000,0.865000,0.000000,5.000000,300.000000,1.000000,2.000000,0.474488
007,0179,HASL_007_0179,38.819906,30.000000,0.676308,0.282678,1.000000,90.000000,5.800000,0.000000,0.865000,0.000000,5.000000,300.000000,1.000000,2.000000,0.461396
007,0178,HASL_007_0178,36.160487,25.736228,0.636890,0.345542,1.000000,90.000000,5.800000,0.000000,0.865000,0.000000,5.000000,300.000000,1.000000,2.000000,0.468564
007,0177,HASL_007_0177,42.733686,26.249078,0.778216,0.000000,1.000000,90.000000,5.800000,0.000000,0.865000,0.000000,5.000000,300.000000,1.000000,2.000000,0.457821
007,0176,HASL_007_0176,35.000000,30.000000,0.732921,0.290003,1.000000,90.000000,5.800000,0.000000,0.865000,0.000000,5.000000,300.000000,1.000000,2.000000,0.463234
007,0175,HASL_007_0175,39.092095,29.081319,0.500000,0.546643,1.000000,90.000000,5.800000,0.000000,0.865000,0.000000,5.000000,300.000000,1.000000,2.000000,0.462790
007,0174,HASL_007_0174,36.389263,26.894139,0.888551,1.000000,1.000000,90.000000,5.800000,0.000000,0.865000,0.000000,5.000000,300.000000,1.000000,2.000000,0.472626
007,0173,HASL_007_0173,35.000000,30.000000,0.824020,0.622318,1.000000,90.000000,5.800000,0.000000,0.865000,0.000000,5.000000,300.000000,1.000000,2.000000,0.463971
007,0172,HASL_007_0172,40.889646,24.720440,0.900000,0.000000,1.000000,90.000000,5.800000,0.000000,0.865000,0.000000,5.000000,300.000000,1.000000,2.000000,0.466105
007,0171,HASL_007_0171,37.654888,30.000000,0.400000,0.000000,1.000000,90.000000,5.800000,0.000000,0.865000,0.000000,5.000000,300.000000,1.000000,2.000000,0.460467
007,0170,HASL_007_0170,35.000000,29.330019,0.463042,0.684781,1.000000,90.000000,5.800000,0.000000,0.865000,0.000000,5.000000,300.000000,1.000000,2.000000,0.463411
007,0169,HASL_007_0169,35.000000,27.587984,0.791879,0.000000,1.000000,90.000000,5.800000,0.000000,0.865000,0.000000,5.000000,300.000000,1.000000,2.000000,0.470824
007,0168,HASL_007_0168,39.331983,30.000000,0.400000,0.804981,1.000000,90.000000,5.800000,0.000000,0.865000,0.000000,5.000000,300.000000,1.000000,2.000000,0.459268
007,0167,HASL_007_0167,35.000000,25.855749,0.886143,0.000000,1.000000,90.000000,5.800000,0.000000,0.865000,0.000000,5.000000,300.000000,1.000000,2.000000,0.471122
007,0166,HASL_007_0166,35.172857,27.895795,0.432432,0.674806,1.000000,90.000000,5.800000,0.000000,0.865000,0.000000,5.000000,300.000000,1.000000,2.000000,0.467438
007,0165,HASL_007_0165,35.000000,30.000000,0.796889,0.901554,1.000000,90.000000,5.800000,0.000000,0.865000,0.000000,5.000000,300.000000,1.000000,2.000000,0.463347
007,0164,HASL_007_0164,48.515085,24.970026,0.486464,0.800000,1.000000,90.000000,5.800000,0.000000,0.865000,0.000000,5.000000,300.000000,1.000000,2.000000,0.441528
007,0163,HASL_007_0163,38.971847,24.943479,0.900000,0.985410,1.000000,90.000000,5.800000,0.000000,0.865000,0.000000,5.000000,300.000000,1.000000,2.000000,0.469140
007,0162,HASL_007_0162,38.799091,28.283653,0.779614,0.366299,1.000000,90.000000,5.800000,0.000000,0.865000,0.000000,5.000000,300.000000,1.000000,2.000000,0.467076
007,0161,HASL_007_0161,35.000000,30.000000,0.661254,0.183812,1.000000,90.000000,5.800000,0.000000,0.865000,0.000000,5.000000,300.000000,1.000000,2.000000,0.463693
007,0160,HASL_007_0160,35.000000,27.265036,0.900000,0.557858,1.000000,90.000000,5.800000,0.000000,0.865000,0.000000,5.000000,300.000000,1.000000,2.000000,0.472997
007,0159,HASL_007_0159,37.097737,28.699305,0.400000,0.394767,1.000000,90.000000,5.800000,0.000000,0.865000,0.000000,5.000000,300.000000,1.000000,2.000000,0.464031
007,0158,HASL_007_0158,35.000000,27.344044,0.896931,0.956624,1.000000,90.000000,5.800000,0.000000,0.865000,0.000000,5.000000,300.000000,1.000000,2.000000,0.472563
007,0157,HASL_007_0157,35.000000,28.845416,0.881287,0.507335,1.000000,90.000000,5.800000,0.000000,0.865000,0.000000,5.000000,300.000000,1.000000,2.000000,0.468689
007,0156,HASL_007_0156,37.981386,26.306605,0.415160,0.778563,1.000000,90.000000,5.800000,0.000000,0.865000,0.000000,5.000000,300.000000,1.000000,2.000000,0.463003
007,0155,HASL_007_0155,50.625011,28.753355,0.812188,0.546643,1.000000,90.000000,5.800000,0.000000,0.865000,0.000000,5.000000,300.000000,1.000000,2.000000,0.433746
007,0154,HASL_007_0154,48.214404,30.000000,0.494373,0.837208,1.000000,90.000000,5.800000,0.000000,0.865000,0.000000,5.000000,300.000000,1.000000,2.000000,0.441595
007,0153,HASL_007_0153,41.561553,26.055995,0.647292,0.945064,1.000000,90.000000,5.800000,0.000000,0.865000,0.000000,5.000000,300.000000,1.000000,2.000000,0.459502
007,0152,HASL_007_0152,35.109153,27.389043,0.400000,0.956965,1.000000,90.000000,5.800000,0.000000,0.865000,0.000000,5.000000,300.000000,1.000000,2.000000,0.462761
007,0151,HASL_007_0151,44.375212,28.612994,0.691555,0.582985,1.000000,90.000000,5.800000,0.000000,0.865000,0.000000,5.000000,300.000000,1.000000,2.000000,0.455427
007,0150,HASL_007_0150,36.021799,30.000000,0.411912,0.525074,1.000000,90.000000,5.800000,0.000000,0.865000,0.000000,5.000000,300.000000,1.000000,2.000000,0.461027
007,0149,HASL_007_0149,35.000000,25.200733,0.438726,0.525074,1.000000,90.000000,5.800000,0.000000,0.865000,0.000000,5.000000,300.000000,1.000000,2.000000,0.469221
007,0148,HASL_007_0148,36.604195,23.088339,0.900000,0.626374,1.000000,90.000000,5.800000,0.000000,0.865000,0.000000,5.000000,300.000000,1.000000,2.000000,0.458523
007,0147,HASL_007_0147,43.350869,24.020101,0.631690,0.807532,1.000000,90.000000,5.800000,0.000000,0.865000,0.000000,5.000000,300.000000,1.000000,2.000000,0.459726
007,0146,HASL_007_0146,35.000000,29.002104,0.657192,0.206222,1.000000,90.000000,5.800000,0.000000,0.865000,0.000000,5.000000,300.000000,1.000000,2.000000,0.465703
007,0145,HASL_007_0145,38.075465,30.000000,0.878955,0.928667,1.000000,90.000000,5.800000,0.000000,0.865000,0.000000,5.000000,300.000000,1.000000,2.000000,0.463523
007,0144,HASL_007_0144,38.318610,26.715193,0.900000,0.000000,1.000000,90.000000,5.800000,0.000000,0.865000,0.000000,5.000000,300.000000,1.000000,2.000000,0.465592
007,0143,HASL_007_0143,35.421530,29.024670,0.535283,0.026796,1.000000,90.000000,5.800000,0.000000,0.865000,0.000000,5.000000,300.000000,1.000000,2.000000,0.464634
007,0142,HASL_007_0142,40.111442,24.598955,0.900000,0.176715,1.000000,90.000000,5.800000,0.000000,0.865000,0.000000,5.000000,300.000000,1.000000,2.000000,0.467762
007,0141,HASL_007_0141,48.794376,25.575132,0.400000,1.000000,1.000000,90.000000,5.800000,0.000000,0.865000,0.000000,5.000000,300.000000,1.000000,2.000000,0.438628
007,0140,HASL_007_0140,35.000000,24.217023,0.728807,1.000000,1.000000,90.000000,5.800000,0.000000,0.865000,0.000000,5.000000,300.000000,1.000000,2.000000,0.474412
007,0139,HASL_007_0139,43.071578,27.249402,0.579429,0.508631,1.000000,90.000000,5.800000,0.000000,0.865000,0.000000,5.000000,300.000000,1.000000,2.000000,0.452667
007,0138,HASL_007_0138,45.136063,26.570490,0.625420,0.402696,1.000000,90.000000,5.800000,0.000000,0.865000,0.000000,5.000000,300.000000,1.000000,2.000000,0.449539
007,0137,HASL_007_0137,35.000000,28.050200,0.400000,0.811019,1.000000,90.000000,5.800000,0.000000,0.865000,0.000000,5.000000,300.000000,1.000000,2.000000,0.466855
007,0136,HASL_007_0136,35.000000,27.953402,0.400000,0.000000,1.000000,90.000000,5.800000,0.000000,0.865000,0.000000,5.000000,300.000000,1.000000,2.000000,0.466900
007,0135,HASL_007_0135,35.000000,13.921136,0.692390,0.048025,1.000000,90.000000,5.800000,0.000000,0.865000,0.000000,5.000000,300.000000,1.000000,2.000000,0.449556
007,0134,HASL_007_0134,35.000000,23.673624,0.608955,0.651959,1.000000,90.000000,5.800000,0.000000,0.865000,0.000000,5.000000,300.000000,1.000000,2.000000,0.474715
007,0133,HASL_007_0133,38.185951,23.481169,0.783991,0.092539,1.000000,90.000000,5.800000,0.000000,0.865000,0.000000,5.000000,300.000000,1.000000,2.000000,0.456001
007,0132,HASL_007_0132,35.000000,23.719138,0.771272,0.000000,1.000000,90.000000,5.800000,0.000000,0.865000,0.000000,5.000000,300.000000,1.000000,2.000000,0.476061
007,0131,HASL_007_0131,35.000000,30.000000,0.552427,0.000000,1.000000,90.000000,5.800000,0.000000,0.865000,0.000000,5.000000,300.000000,1.000000,2.000000,0.461645
007,0130,HASL_007_0130,35.000000,24.750973,0.714656,0.052016,1.000000,90.000000,5.800000,0.000000,0.865000,0.000000,5.000000,300.000000,1.000000,2.000000,0.473033
007,0129,HASL_007_0129,36.721283,27.579222,0.900000,0.686387,1.000000,90.000000,5.800000,0.000000,0.865000,0.000000,5.000000,300.000000,1.000000,2.000000,0.470439
007,0128,HASL_007_0128,35.000000,23.799844,0.565860,0.561472,1.000000,90.000000,5.800000,0.000000,0.865000,0.000000,5.000000,300.000000,1.000000,2.000000,0.473964
007,0127,HASL_007_0127,35.000000,28.298335,0.900000,0.305088,1.000000,90.000000,5.800000,0.000000,0.865000,0.000000,5.000000,300.000000,1.000000,2.000000,0.470291
007,0126,HASL_007_0126,35.000000,30.000000,0.492299,0.352564,1.000000,90.000000,5.800000,0.000000,0.865000,0.000000,5.000000,300.000000,1.000000,2.000000,0.461564
007,0125,HASL_007_0125,35.846524,13.545224,0.541020,0.318674,1.000000,90.000000,5.800000,0.000000,0.865000,0.000000,5.000000,300.000000,1.000000,2.000000,0.449303
007,0124,HASL_007_0124,35.000000,28.072660,0.626496,1.000000,1.000000,90.000000,5.800000,0.000000,0.865000,0.000000,5.000000,300.000000,1.000000,2.000000,0.467933
007,0123,HASL_007_0123,35.000000,24.133509,0.504599,0.155447,1.000000,90.000000,5.800000,0.000000,0.865000,0.000000,5.000000,300.000000,1.000000,2.000000,0.472814
007,0122,HASL_007_0122,35.000000,27.795478,0.900000,0.395019,1.000000,90.000000,5.800000,0.000000,0.865000,0.000000,5.000000,300.000000,1.000000,2.000000,0.470608
007,0121,HASL_007_0121,40.493762,29.029513,0.755241,0.043206,1.000000,90.000000,5.800000,0.000000,0.865000,0.000000,5.000000,300.000000,1.000000,2.000000,0.462960
007,0120,HASL_007_0120,40.683639,30.000000,0.900000,0.699924,1.000000,90.000000,5.800000,0.000000,0.865000,0.000000,5.000000,300.000000,1.000000,2.000000,0.460845
007,0119,HASL_007_0119,35.193839,26.779846,0.888405,0.578411,1.000000,90.000000,5.800000,0.000000,0.865000,0.000000,5.000000,300.000000,1.000000,2.000000,0.468749
007,0118,HASL_007_0118,35.000000,25.205997,0.400000,0.000000,1.000000,90.000000,5.800000,0.000000,0.865000,0.000000,5.000000,300.000000,1.000000,2.000000,0.468857
007,0117,HASL_007_0117,35.000000,25.133496,0.900000,0.648552,1.000000,90.000000,5.800000,0.000000,0.865000,0.000000,5.000000,300.000000,1.000000,2.000000,0.473359
007,0116,HASL_007_0116,35.172857,23.553841,0.438931,0.051288,1.000000,90.000000,5.800000,0.000000,0.865000,0.000000,5.000000,300.000000,1.000000,2.000000,0.435492
007,0115,HASL_007_0115,39.146652,26.536398,0.783020,0.004506,1.000000,90.000000,5.800000,0.000000,0.865000,0.000000,5.000000,300.000000,1.000000,2.000000,0.463780
007,0114,HASL_007_0114,36.868419,30.000000,0.900000,0.349458,1.000000,90.000000,5.800000,0.000000,0.865000,0.000000,5.000000,300.000000,1.000000,2.000000,0.464101
007,0113,HASL_007_0113,50.661639,30.000000,0.863989,0.236100,1.000000,90.000000,5.800000,0.000000,0.865000,0.000000,5.000000,300.000000,1.000000,2.000000,0.436580
007,0112,HASL_007_0112,35.000000,27.612074,0.814945,0.553117,1.000000,90.000000,5.800000,0.000000,0.865000,0.000000,5.000000,300.000000,1.000000,2.000000,0.470697
007,0111,HASL_007_0111,35.617774,27.916027,0.900000,0.481597,1.000000,90.000000,5.800000,0.000000,0.865000,0.000000,5.000000,300.000000,1.000000,2.000000,0.470109
007,0110,HASL_007_0110,35.000000,27.313534,0.900000,0.636810,1.000000,90.000000,5.800000,0.000000,0.865000,0.000000,5.000000,300.000000,1.000000,2.000000,0.472602
007,0109,HASL_007_0109,35.000000,30.000000,0.729519,0.000000,1.000000,90.000000,5.800000,0.000000,0.865000,0.000000,5.000000,300.000000,1.000000,2.000000,0.463067
007,0108,HASL_007_0108,35.000000,30.000000,0.734996,0.984785,1.000000,90.000000,5.800000,0.000000,0.865000,0.000000,5.000000,300.000000,1.000000,2.000000,0.462901
007,0107,HASL_007_0107,37.306245,20.200766,0.671803,1.000000,1.000000,90.000000,5.800000,0.000000,0.865000,0.000000,5.000000,300.000000,1.000000,2.000000,0.454789
007,0106,HASL_007_0106,35.147054,30.000000,0.563315,0.068730,1.000000,90.000000,5.800000,0.000000,0.865000,0.000000,5.000000,300.000000,1.000000,2.000000,0.462000
007,0105,HASL_007_0105,35.000000,23.663977,0.453040,0.843674,1.000000,90.000000,5.800000,0.000000,0.865000,0.000000,5.000000,300.000000,1.000000,2.000000,0.473432
007,0104,HASL_007_0104,35.000000,27.209849,0.900000,0.112410,1.000000,90.000000,5.800000,0.000000,0.865000,0.000000,5.000000,300.000000,1.000000,2.000000,0.473175
007,0103,HASL_007_0103,41.186949,23.819412,0.721597,0.979549,1.000000,90.000000,5.800000,0.000000,0.865000,0.000000,5.000000,300.000000,1.000000,2.000000,0.450239
007,0102,HASL_007_0102,35.000000,10.535084,0.693156,0.545430,1.000000,90.000000,5.800000,0.000000,0.865000,0.000000,5.000000,300.000000,1.000000,2.000000,0.445576
007,0101,HASL_007_0101,35.000000,29.817319,0.900000,0.614475,1.000000,90.000000,5.800000,0.000000,0.865000,0.000000,5.000000,300.000000,1.000000,2.000000,0.464759
007,0100,HASL_007_0100,35.000000,23.799844,0.900000,0.646653,1.000000,90.000000,5.800000,0.000000,0.865000,0.000000,5.000000,300.000000,1.000000,2.000000,0.476897
007,0099,HASL_007_0099,43.841900,30.000000,0.553263,0.000000,1.000000,90.000000,5.800000,0.000000,0.865000,0.000000,5.000000,300.000000,1.000000,2.000000,0.452471
007,0098,HASL_007_0098,35.193839,23.819412,0.659742,0.379810,1.000000,90.000000,5.800000,0.000000,0.865000,0.000000,5.000000,300.000000,1.000000,2.000000,0.474758
007,0097,HASL_007_0097,35.000000,25.455934,0.400000,0.000000,1.000000,90.000000,5.800000,0.000000,0.865000,0.000000,5.000000,300.000000,1.000000,2.000000,0.468196
007,0096,HASL_007_0096,35.503411,20.499237,0.900000,0.655937,1.000000,90.000000,5.800000,0.000000,0.865000,0.000000,5.000000,300.000000,1.000000,2.000000,0.457483
007,0095,HASL_007_0095,36.277249,30.000000,0.435986,0.122759,1.000000,90.000000,5.800000,0.000000,0.865000,0.000000,5.000000,300.000000,1.000000,2.000000,0.460795
007,0094,HASL_007_0094,35.000000,28.897291,0.900000,0.770026,1.000000,90.000000,5.800000,0.000000,0.865000,0.000000,5.000000,300.000000,1.000000,2.000000,0.468506
007,0093,HASL_007_0093,35.000000,28.852924,0.501388,0.984785,1.000000,90.000000,5.800000,0.000000,0.865000,0.000000,5.000000,300.000000,1.000000,2.000000,0.464866
007,0092,HASL_007_0092,35.000000,26.134229,0.550978,0.024383,1.000000,90.000000,5.800000,0.000000,0.865000,0.000000,5.000000,300.000000,1.000000,2.000000,0.467389
007,0091,HASL_007_0091,35.000000,29.017262,0.570319,0.000000,1.000000,90.000000,5.800000,0.000000,0.865000,0.000000,5.000000,300.000000,1.000000,2.000000,0.465044
007,0090,HASL_007_0090,50.799043,29.835441,0.900000,0.481597,1.000000,90.000000,5.800000,0.000000,0.865000,0.000000,5.000000,300.000000,1.000000,2.000000,0.436940
007,0089,HASL_007_0089,35.000000,30.000000,0.568086,0.160422,1.000000,90.000000,5.800000,0.000000,0.865000,0.000000,5.000000,300.000000,1.000000,2.000000,0.462293
007,0088,HASL_007_0088,44.011945,27.585231,0.863989,0.341036,1.000000,90.000000,5.800000,0.000000,0.865000,0.000000,5.000000,300.000000,1.000000,2.000000,0.455951
007,0087,HASL_007_0087,35.000000,24.628451,0.540986,1.000000,1.000000,90.000000,5.800000,0.000000,0.865000,0.000000,5.000000,300.000000,1.000000,2.000000,0.471709
007,0086,HASL_007_0086,35.000000,30.000000,0.887346,0.567570,1.000000,90.000000,5.800000,0.000000,0.865000,0.000000,5.000000,300.000000,1.000000,2.000000,0.464251
007,0085,HASL_007_0085,35.337224,28.549755,0.594337,0.969139,1.000000,90.000000,5.800000,0.000000,0.865000,0.000000,5.000000,300.000000,1.000000,2.000000,0.466342
007,0084,HASL_007_0084,35.000000,24.792105,0.900000,0.000000,1.000000,90.000000,5.800000,0.000000,0.865000,0.000000,5.000000,300.000000,1.000000,2.000000,0.474417
007,0083,HASL_007_0083,38.335868,29.148920,0.878532,0.452227,1.000000,90.000000,5.800000,0.000000,0.865000,0.000000,5.000000,300.000000,1.000000,2.000000,0.465662
007,0082,HASL_007_0082,35.193839,24.602222,0.900000,0.000000,1.000000,90.000000,5.800000,0.000000,0.865000,0.000000,5.000000,300.000000,1.000000,2.000000,0.474522
007,0081,HASL_007_0081,39.884205,30.000000,0.900000,1.000000,1.000000,90.000000,5.800000,0.000000,0.865000,0.000000,5.000000,300.000000,1.000000,2.000000,0.462013
007,0080,HASL_007_0080,35.230971,26.205981,0.800509,0.000000,1.000000,90.000000,5.800000,0.000000,0.865000,0.000000,5.000000,300.000000,1.000000,2.000000,0.469668
007,0079,HASL_007_0079,35.000000,25.244218,0.900000,0.000000,1.000000,90.000000,5.800000,0.000000,0.865000,0.000000,5.000000,300.000000,1.000000,2.000000,0.473120
007,0078,HASL_007_0078,40.111442,23.881716,0.632688,0.018938,1.000000,90.000000,5.800000,0.000000,0.865000,0.000000,5.000000,300.000000,1.000000,2.000000,0.467360
007,0077,HASL_007_0077,35.000000,29.566486,0.445374,1.000000,1.000000,90.000000,5.800000,0.000000,0.865000,0.000000,5.000000,300.000000,1.000000,2.000000,0.462305
007,0076,HASL_007_0076,35.000000,24.304676,0.900000,0.000000,1.000000,90.000000,5.800000,0.000000,0.865000,0.000000,5.000000,300.000000,1.000000,2.000000,0.475605
007,0075,HASL_007_0075,43.686472,28.416759,0.492299,0.245419,1.000000,90.000000,5.800000,0.000000,0.865000,0.000000,5.000000,300.000000,1.000000,2.000000,0.455996
007,0074,HASL_007_0074,37.931047,30.000000,0.836449,0.210947,1.000000,90.000000,5.800000,0.000000,0.865000,0.000000,5.000000,300.000000,1.000000,2.000000,0.462918
007,0073,HASL_007_0073,35.000000,25.822987,0.900000,0.341562,1.000000,90.000000,5.800000,0.000000,0.865000,0.000000,5.000000,300.000000,1.000000,2.000000,0.471503
007,0072,HASL_007_0072,35.000000,24.220518,0.683287,0.000000,1.000000,90.000000,5.800000,0.000000,0.865000,0.000000,5.000000,300.000000,1.000000,2.000000,0.474125
007,0071,HASL_007_0071,46.158833,24.682230,0.881461,0.971371,1.000000,90.000000,5.800000,0.000000,0.865000,0.000000,5.000000,300.000000,1.000000,2.000000,0.439230
007,0070,HASL_007_0070,39.335936,10.000000,0.886143,0.857398,1.000000,90.000000,5.800000,0.000000,0.865000,0.000000,5.000000,300.000000,1.000000,2.000000,0.444349
007,0069,HASL_007_0069,35.000000,27.318366,0.401769,0.974213,1.000000,90.000000,5.800000,0.000000,0.865000,0.000000,5.000000,300.000000,1.000000,2.000000,0.462982
007,0068,HASL_007_0068,41.936438,26.388865,0.863989,0.350008,1.000000,90.000000,5.800000,0.000000,0.865000,0.000000,5.000000,300.000000,1.000000,2.000000,0.459743
007,0067,HASL_007_0067,39.308073,23.259627,0.486222,0.769678,1.000000,90.000000,5.800000,0.000000,0.865000,0.000000,5.000000,300.000000,1.000000,2.000000,0.433741
007,0066,HASL_007_0066,40.295259,11.816851,0.900000,0.718462,1.000000,90.000000,5.800000,0.000000,0.865000,0.000000,5.000000,300.000000,1.000000,2.000000,0.443743
007,0065,HASL_007_0065,37.656590,24.026503,0.785997,0.170820,1.000000,90.000000,5.800000,0.000000,0.865000,0.000000,5.000000,300.000000,1.000000,2.000000,0.472587
007,0064,HASL_007_0064,39.578614,28.416759,0.400000,0.435355,1.000000,90.000000,5.800000,0.000000,0.865000,0.000000,5.000000,300.000000,1.000000,2.000000,0.463159
007,0063,HASL_007_0063,35.017939,27.631629,0.612840,0.221049,1.000000,90.000000,5.800000,0.000000,0.865000,0.000000,5.000000,300.000000,1.000000,2.000000,0.469505
007,0062,HASL_007_0062,35.000000,28.273114,0.400000,0.508631,1.000000,90.000000,5.800000,0.000000,0.865000,0.000000,5.000000,300.000000,1.000000,2.000000,0.466049
007,0061,HASL_007_0061,42.176540,27.730789,0.400000,1.000000,1.000000,90.000000,5.800000,0.000000,0.865000,0.000000,5.000000,300.000000,1.000000,2.000000,0.460380
007,0060,HASL_007_0060,35.776127,30.000000,0.400000,1.000000,1.000000,90.000000,5.800000,0.000000,0.865000,0.000000,5.000000,300.000000,1.000000,2.000000,0.460601
007,0059,HASL_007_0059,36.670579,24.253385,0.900000,0.069535,1.000000,90.000000,5.800000,0.000000,0.865000,0.000000,5.000000,300.000000,1.000000,2.000000,0.474282
007,0058,HASL_007_0058,38.035923,27.230023,0.594755,0.026796,1.000000,90.000000,5.800000,0.000000,0.865000,0.000000,5.000000,300.000000,1.000000,2.000000,0.462204
007,0057,HASL_007_0057,38.318610,24.819933,0.548819,0.000000,1.000000,90.000000,5.800000,0.000000,0.865000,0.000000,5.000000,300.000000,1.000000,2.000000,0.467665
007,0056,HASL_007_0056,36.810658,27.441063,0.886057,0.004788,1.000000,90.000000,5.800000,0.000000,0.865000,0.000000,5.000000,300.000000,1.000000,2.000000,0.470629
007,0055,HASL_007_0055,35.000000,11.205973,0.785062,0.461892,1.000000,90.000000,5.800000,0.000000,0.865000,0.000000,5.000000,300.000000,1.000000,2.000000,0.443727
007,0054,HASL_007_0054,43.350869,25.684368,0.515046,0.542637,1.000000,90.000000,5.800000,0.000000,0.865000,0.000000,5.000000,300.000000,1.000000,2.000000,0.455424
007,0053,HASL_007_0053,40.234767,27.450412,0.650206,0.735024,1.000000,90.000000,5.800000,0.000000,0.865000,0.000000,5.000000,300.000000,1.000000,2.000000,0.463748
007,0052,HASL_007_0052,35.776127,30.000000,0.677572,0.000000,1.000000,90.000000,5.800000,0.000000,0.865000,0.000000,5.000000,300.000000,1.000000,2.000000,0.463319
007,0051,HASL_007_0051,35.000000,26.617898,0.676895,1.000000,1.000000,90.000000,5.800000,0.000000,0.865000,0.000000,5.000000,300.000000,1.000000,2.000000,0.467189
007,0050,HASL_007_0050,42.737414,29.057133,0.771765,0.967766,1.000000,90.000000,5.800000,0.000000,0.865000,0.000000,5.000000,300.000000,1.000000,2.000000,0.457433
007,0049,HASL_007_0049,36.033078,25.066065,0.400000,0.230831,1.000000,90.000000,5.800000,0.000000,0.865000,0.000000,5.000000,300.000000,1.000000,2.000000,0.468623
007,0048,HASL_007_0048,35.783030,30.000000,0.900000,1.000000,1.000000,90.000000,5.800000,0.000000,0.865000,0.000000,5.000000,300.000000,1.000000,2.000000,0.463851
007,0047,HASL_007_0047,35.000000,21.024191,0.900000,0.673415,1.000000,90.000000,5.800000,0.000000,0.865000,0.000000,5.000000,300.000000,1.000000,2.000000,0.456101
007,0046,HASL_007_0046,35.000000,28.753355,0.716253,0.000000,1.000000,90.000000,5.800000,0.000000,0.865000,0.000000,5.000000,300.000000,1.000000,2.000000,0.466861
007,0045,HASL_007_0045,35.000000,24.905757,0.854355,0.868250,1.000000,90.000000,5.800000,0.000000,0.865000,0.000000,5.000000,300.000000,1.000000,2.000000,0.473896
007,0044,HASL_007_0044,40.039276,29.778137,0.813456,0.668650,1.000000,90.000000,5.800000,0.000000,0.865000,0.000000,5.000000,300.000000,1.000000,2.000000,0.461907
007,0043,HASL_007_0043,37.951071,27.344044,0.896931,0.322933,1.000000,90.000000,5.800000,0.000000,0.865000,0.000000,5.000000,300.000000,1.000000,2.000000,0.469490
007,0042,HASL_007_0042,35.000000,29.265949,0.421092,0.800000,1.000000,90.000000,5.800000,0.000000,0.865000,0.000000,5.000000,300.000000,1.000000,2.000000,0.463269
007,0041,HASL_007_0041,36.939220,24.739607,0.724635,0.507190,1.000000,90.000000,5.800000,0.000000,0.865000,0.000000,5.000000,300.000000,1.000000,2.000000,0.471074
007,0040,HASL_007_0040,38.857489,30.000000,0.446741,0.000000,1.000000,90.000000,5.800000,0.000000,0.865000,0.000000,5.000000,300.000000,1.000000,2.000000,0.460283
007,0039,HASL_007_0039,35.000000,30.000000,0.900000,0.571266,1.000000,90.000000,5.800000,0.000000,0.865000,0.000000,5.000000,300.000000,1.000000,2.000000,0.464365
007,0038,HASL_007_0038,35.938237,30.000000,0.589437,0.985410,1.000000,90.000000,5.800000,0.000000,0.865000,0.000000,5.000000,300.000000,1.000000,2.000000,0.462585
007,0037,HASL_007_0037,37.093427,28.103625,0.564591,0.685027,1.000000,90.000000,5.800000,0.000000,0.865000,0.000000,5.000000,300.000000,1.000000,2.000000,0.467093
007,0036,HASL_007_0036,35.018215,29.004388,0.900000,0.524909,1.000000,90.000000,5.800000,0.000000,0.865000,0.000000,5.000000,300.000000,1.000000,2.000000,0.467243
007,0035,HASL_007_0035,40.039276,26.063749,0.681999,0.494313,1.000000,90.000000,5.800000,0.000000,0.865000,0.000000,5.000000,300.000000,1.000000,2.000000,0.462772
007,0034,HASL_007_0034,35.000000,28.849707,0.527716,1.000000,1.000000,90.000000,5.800000,0.000000,0.865000,0.000000,5.000000,300.000000,1.000000,2.000000,0.465898
007,0033,HASL_007_0033,35.000000,27.484022,0.400000,0.804981,1.000000,90.000000,5.800000,0.000000,0.865000,0.000000,5.000000,300.000000,1.000000,2.000000,0.462427
007,0032,HASL_007_0032,38.465108,28.061674,0.900000,0.000000,1.000000,90.000000,5.800000,0.000000,0.865000,0.000000,5.000000,300.000000,1.000000,2.000000,0.466906
007,0031,HASL_007_0031,37.724038,28.730560,0.628997,1.000000,1.000000,90.000000,5.800000,0.000000,0.865000,0.000000,5.000000,300.000000,1.000000,2.000000,0.465750
007,0030,HASL_007_0030,39.308073,28.669740,0.400000,1.000000,1.000000,90.000000,5.800000,0.000000,0.865000,0.000000,5.000000,300.000000,1.000000,2.000000,0.462959
007,0029,HASL_007_0029,37.507122,28.450895,0.602370,0.989134,1.000000,90.000000,5.800000,0.000000,0.865000,0.000000,5.000000,300.000000,1.000000,2.000000,0.466373
007,0028,HASL_007_0028,40.810437,28.770964,0.589346,0.000000,1.000000,90.000000,5.800000,0.000000,0.865000,0.000000,5.000000,300.000000,1.000000,2.000000,0.461801
007,0027,HASL_007_0027,39.012560,29.158199,0.645914,0.036595,1.000000,90.000000,5.800000,0.000000,0.865000,0.000000,5.000000,300.000000,1.000000,2.000000,0.463363
007,0026,HASL_007_0026,35.172857,27.203023,0.588236,0.000000,1.000000,90.000000,5.800000,0.000000,0.865000,0.000000,5.000000,300.000000,1.000000,2.000000,0.464586
007,0025,HASL_007_0025,35.000000,30.000000,0.900000,1.000000,1.000000,90.000000,5.800000,0.000000,0.865000,0.000000,5.000000,300.000000,1.000000,2.000000,0.463880
007,0024,HASL_007_0024,42.055772,30.000000,0.778216,0.561173,1.000000,90.000000,5.800000,0.000000,0.865000,0.000000,5.000000,300.000000,1.000000,2.000000,0.456451
007,0023,HASL_007_0023,37.981386,29.654398,0.619885,1.000000,1.000000,90.000000,5.800000,0.000000,0.865000,0.000000,5.000000,300.000000,1.000000,2.000000,0.462665
007,0022,HASL_007_0022,35.000000,24.825841,0.716603,0.282678,1.000000,90.000000,5.800000,0.000000,0.865000,0.000000,5.000000,300.000000,1.000000,2.000000,0.472661
007,0021,HASL_007_0021,35.000000,28.853435,0.498816,0.606266,1.000000,90.000000,5.800000,0.000000,0.865000,0.000000,5.000000,300.000000,1.000000,2.000000,0.464928
007,0020,HASL_007_0020,35.000000,26.819181,0.575620,0.715479,1.000000,90.000000,5.800000,0.000000,0.865000,0.000000,5.000000,300.000000,1.000000,2.000000,0.466011
007,0019,HASL_007_0019,41.457262,30.000000,0.725655,0.396876,1.000000,90.000000,5.800000,0.000000,0.865000,0.000000,5.000000,300.000000,1.000000,2.000000,0.458720
007,0018,HASL_007_0018,35.000000,23.263295,0.858306,0.550822,1.000000,90.000000,5.800000,0.000000,0.865000,0.000000,5.000000,300.000000,1.000000,2.000000,0.458739
007,0017,HASL_007_0017,36.764699,30.000000,0.672340,1.000000,1.000000,90.000000,5.800000,0.000000,0.865000,0.000000,5.000000,300.000000,1.000000,2.000000,0.462557
007,0016,HASL_007_0016,35.000000,21.912873,0.859898,0.000000,1.000000,90.000000,5.800000,0.000000,0.865000,0.000000,5.000000,300.000000,1.000000,2.000000,0.451810
007,0015,HASL_007_0015,36.872139,24.223325,0.400000,0.892539,1.000000,90.000000,5.800000,0.000000,0.865000,0.000000,5.000000,300.000000,1.000000,2.000000,0.469889
007,0014,HASL_007_0014,43.226998,30.000000,0.541230,0.323014,1.000000,90.000000,5.800000,0.000000,0.865000,0.000000,5.000000,300.000000,1.000000,2.000000,0.453843
007,0013,HASL_007_0013,38.701274,27.960820,0.782306,0.051113,1.000000,90.000000,5.800000,0.000000,0.865000,0.000000,5.000000,300.000000,1.000000,2.000000,0.467236
007,0012,HASL_007_0012,35.494219,23.823580,0.632688,0.000000,1.000000,90.000000,5.800000,0.000000,0.865000,0.000000,5.000000,300.000000,1.000000,2.000000,0.474271
007,0011,HASL_007_0011,42.935515,25.177556,0.768826,0.529292,1.000000,90.000000,5.800000,0.000000,0.865000,0.000000,5.000000,300.000000,1.000000,2.000000,0.459247
007,0010,HASL_007_0010,38.151091,27.813784,0.400000,0.598378,1.000000,90.000000,5.800000,0.000000,0.865000,0.000000,5.000000,300.000000,1.000000,2.000000,0.466227
007,0009,HASL_007_0009,35.000000,10.043469,0.711277,0.000000,1.000000,90.000000,5.800000,0.000000,0.865000,0.000000,5.000000,300.000000,1.000000,2.000000,0.445564
007,0008,HASL_007_0008,38.236642,30.000000,0.569970,0.309463,1.000000,90.000000,5.800000,0.000000,0.865000,0.000000,5.000000,300.000000,1.000000,2.000000,0.461318
007,0007,HASL_007_0007,37.622171,26.614424,0.417174,0.137993,1.000000,90.000000,5.800000,0.000000,0.865000,0.000000,5.000000,300.000000,1.000000,2.000000,0.462689
007,0006,HASL_007_0006,35.000000,30.000000,0.806552,1.000000,1.000000,90.000000,5.800000,0.000000,0.865000,0.000000,5.000000,300.000000,1.000000,2.000000,0.463199
007,0005,HASL_007_0005,37.587942,19.584994,0.900000,0.106124,1.000000,90.000000,5.800000,0.000000,0.865000,0.000000,5.000000,300.000000,1.000000,2.000000,0.458059
007,0004,HASL_007_0004,35.000000,30.000000,0.900000,0.683311,1.000000,90.000000,5.800000,0.000000,0.865000,0.000000,5.000000,300.000000,1.000000,2.000000,0.464455
007,0003,HASL_007_0003,40.540513,26.877521,0.422530,0.107503,1.000000,90.000000,5.800000,0.000000,0.865000,0.000000,5.000000,300.000000,1.000000,2.000000,0.457757
007,0002,HASL_007_0002,37.757952,25.799964,0.900000,0.000000,1.000000,90.000000,5.800000,0.000000,0.865000,0.000000,5.000000,300.000000,1.000000,2.000000,0.468753
007,0001,HASL_007_0001,35.000000,29.203510,0.619946,0.509753,1.000000,90.000000,5.800000,0.000000,0.865000,0.000000,5.000000,300.000000,1.000000,2.000000,0.464860
008,0200,HASL_008_0200,35.666408,26.331483,0.724480,0.000000,1.000000,90.000000,5.800000,0.000000,0.865000,0.000000,5.000000,300.000000,1.000000,2.000000,0.467939
008,0199,HASL_008_0199,35.000000,26.615075,0.446578,0.923306,1.000000,90.000000,5.800000,0.000000,0.865000,0.000000,5.000000,300.000000,1.000000,2.000000,0.465502
008,0198,HASL_008_0198,35.000000,29.390714,0.886096,0.000000,1.000000,90.000000,5.800000,0.000000,0.865000,0.000000,5.000000,300.000000,1.000000,2.000000,0.466927
008,0197,HASL_008_0197,35.000000,24.596334,0.885440,0.699226,1.000000,90.000000,5.800000,0.000000,0.865000,0.000000,5.000000,300.000000,1.000000,2.000000,0.475065
008,0196,HASL_008_0196,37.179230,29.003938,0.814122,0.616776,1.000000,90.000000,5.800000,0.000000,0.865000,0.000000,5.000000,300.000000,1.000000,2.000000,0.466311
008,0195,HASL_008_0195,35.000000,27.218529,0.471200,0.553530,1.000000,90.000000,5.800000,0.000000,0.865000,0.000000,5.000000,300.000000,1.000000,2.000000,0.464107
008,0194,HASL_008_0194,35.000000,29.015243,0.400000,0.588829,1.000000,90.000000,5.800000,0.000000,0.865000,0.000000,5.000000,300.000000,1.000000,2.000000,0.463944
008,0193,HASL_008_0193,39.308073,29.648260,0.581442,0.756226,1.000000,90.000000,5.800000,0.000000,0.865000,0.000000,5.000000,300.000000,1.000000,2.000000,0.461378
008,0192,HASL_008_0192,38.212961,22.703675,0.686071,0.223830,1.000000,90.000000,5.800000,0.000000,0.865000,0.000000,5.000000,300.000000,1.000000,2.000000,0.438092
008,0191,HASL_008_0191,35.000000,24.975310,0.734042,0.093966,1.000000,90.000000,5.800000,0.000000,0.865000,0.000000,5.000000,300.000000,1.000000,2.000000,0.472584
008,0190,HASL_008_0190,37.642018,20.588151,0.789131,0.845216,1.000000,90.000000,5.800000,0.000000,0.865000,0.000000,5.000000,300.000000,1.000000,2.000000,0.454387
008,0189,HASL_008_0189,35.494219,26.236541,0.457696,0.697305,1.000000,90.000000,5.800000,0.000000,0.865000,0.000000,5.000000,300.000000,1.000000,2.000000,0.465939
008,0188,HASL_008_0188,37.654888,30.000000,0.536075,0.000000,1.000000,90.000000,5.800000,0.000000,0.865000,0.000000,5.000000,300.000000,1.000000,2.000000,0.461402
008,0187,HASL_008_0187,35.000000,30.000000,0.563315,0.000000,1.000000,90.000000,5.800000,0.000000,0.865000,0.000000,5.000000,300.000000,1.000000,2.000000,0.462119
008,0186,HASL_008_0186,35.000000,26.462669,0.747608,0.945884,1.000000,90.000000,5.800000,0.000000,0.865000,0.000000,5.000000,300.000000,1.000000,2.000000,0.468460
008,0185,HASL_008_0185,35.000000,26.227342,0.687092,0.643740,1.000000,90.000000,5.800000,0.000000,0.865000,0.000000,5.000000,300.000000,1.000000,2.000000,0.468584
008,0184,HASL_008_0184,36.821201,29.553367,0.672340,0.797438,1.000000,90.000000,5.800000,0.000000,0.865000,0.000000,5.000000,300.000000,1.000000,2.000000,0.463840
008,0183,HASL_008_0183,37.075507,23.263295,0.900000,0.550822,1.000000,90.000000,5.800000,0.000000,0.865000,0.000000,5.000000,300.000000,1.000000,2.000000,0.458312
008,0182,HASL_008_0182,35.000000,27.223119,0.400000,0.582016,1.000000,90.000000,5.800000,0.000000,0.865000,0.000000,5.000000,300.000000,1.000000,2.000000,0.463293
008,0181,HASL_008_0181,35.184777,29.542158,0.900000,0.715479,1.000000,90.000000,5.800000,0.000000,0.865000,0.000000,5.000000,300.000000,1.000000,2.000000,0.465345
008,0180,HASL_008_0180,35.000000,22.954193,0.526784,0.124440,1.000000,90.000000,5.800000,0.000000,0.865000,0.000000,5.000000,300.000000,1.000000,2.000000,0.438471
008,0179,HASL_008_0179,35.193839,19.653096,0.659742,0.000000,1.000000,90.000000,5.800000,0.000000,0.865000,0.000000,5.000000,300.000000,1.000000,2.000000,0.456285
008,0178,HASL_008_0178,40.667546,25.736228,0.900000,0.345542,1.000000,90.000000,5.800000,0.000000,0.865000,0.000000,5.000000,300.000000,1.000000,2.000000,0.464049
008,0177,HASL_008_0177,35.147822,28.121448,0.400000,0.662087,1.000000,90.000000,5.800000,0.000000,0.865000,0.000000,5.000000,300.000000,1.000000,2.000000,0.466700
008,0176,HASL_008_0176,35.000000,26.669223,0.557699,0.783544,1.000000,90.000000,5.800000,0.000000,0.865000,0.000000,5.000000,300.000000,1.000000,2.000000,0.466123
008,0175,HASL_008_0175,35.606704,25.962691,0.612544,0.261251,1.000000,90.000000,5.800000,0.000000,0.865000,0.000000,5.000000,300.000000,1.000000,2.000000,0.468133
008,0174,HASL_008_0174,39.012560,29.158199,0.900000,1.000000,1.000000,90.000000,5.800000,0.000000,0.865000,0.000000,5.000000,300.000000,1.000000,2.000000,0.465262
008,0173,HASL_008_0173,40.810437,28.770964,0.589346,0.000000,1.000000,90.000000,5.800000,0.000000,0.865000,0.000000,5.000000,300.000000,1.000000,2.000000,0.462145
008,0172,HASL_008_0172,40.756599,24.404909,0.889177,0.756541,1.000000,90.000000,5.800000,0.000000,0.865000,0.000000,5.000000,300.000000,1.000000,2.000000,0.466880
008,0171,HASL_008_0171,35.000000,27.817310,0.400000,0.732141,1.000000,90.000000,5.800000,0.000000,0.865000,0.000000,5.000000,300.000000,1.000000,2.000000,0.467334
008,0170,HASL_008_0170,37.724038,28.730560,0.900000,0.732413,1.000000,90.000000,5.800000,0.000000,0.865000,0.000000,5.000000,300.000000,1.000000,2.000000,0.467403
008,0169,HASL_008_0169,35.000000,25.622806,0.791879,0.000000,1.000000,90.000000,5.800000,0.000000,0.865000,0.000000,5.000000,300.000000,1.000000,2.000000,0.471296
008,0168,HASL_008_0168,35.000000,27.484022,0.661871,1.000000,1.000000,90.000000,5.800000,0.000000,0.865000,0.000000,5.000000,300.000000,1.000000,2.000000,0.469990
008,0167,HASL_008_0167,35.000000,30.000000,0.693493,1.000000,1.000000,90.000000,5.800000,0.000000,0.865000,0.000000,5.000000,300.000000,1.000000,2.000000,0.462649
008,0166,HASL_008_0166,39.412949,27.895795,0.681999,0.674806,1.000000,90.000000,5.800000,0.000000,0.865000,0.000000,5.000000,300.000000,1.000000,2.000000,0.466928
008,0165,HASL_008_0165,36.456961,27.869864,0.685046,0.685027,1.000000,90.000000,5.800000,0.000000,0.865000,0.000000,5.000000,300.000000,1.000000,2.000000,0.469029
008,0164,HASL_008_0164,35.000000,27.925147,0.564591,0.000000,1.000000,90.000000,5.800000,0.000000,0.865000,0.000000,5.000000,300.000000,1.000000,2.000000,0.468250
008,0163,HASL_008_0163,35.000000,30.000000,0.900000,0.892908,1.000000,90.000000,5.800000,0.000000,0.865000,0.000000,5.000000,300.000000,1.000000,2.000000,0.464135
008,0162,HASL_008_0162,37.961019,29.175034,0.900000,0.571266,1.000000,90.000000,5.800000,0.000000,0.865000,0.000000,5.000000,300.000000,1.000000,2.000000,0.465889
008,0161,HASL_008_0161,35.000000,30.000000,0.528079,0.183812,1.000000,90.000000,5.800000,0.000000,0.865000,0.000000,5.000000,300.000000,1.000000,2.000000,0.461708
008,0160,HASL_008_0160,35.000000,27.265036,0.597306,0.557858,1.000000,90.000000,5.800000,0.000000,0.865000,0.000000,5.000000,300.000000,1.000000,2.000000,0.464934
008,0159,HASL_008_0159,35.000000,25.954100,0.668792,0.047279,1.000000,90.000000,5.800000,0.000000,0.865000,0.000000,5.000000,300.000000,1.000000,2.000000,0.468996
008,0158,HASL_008_0158,35.000000,27.344044,0.494264,0.992608,1.000000,90.000000,5.800000,0.000000,0.865000,0.000000,5.000000,300.000000,1.000000,2.000000,0.463814
008,0157,HASL_008_0157,35.193839,29.778137,0.813456,0.000000,1.000000,90.000000,5.800000,0.000000,0.865000,0.000000,5.000000,300.000000,1.000000,2.000000,0.464308
008,0156,HASL_008_0156,35.000000,24.905757,0.854355,0.868250,1.000000,90.000000,5.800000,0.000000,0.865000,0.000000,5.000000,300.000000,1.000000,2.000000,0.473784
008,0155,HASL_008_0155,38.679312,26.629192,0.900000,1.000000,1.000000,90.000000,5.800000,0.000000,0.865000,0.000000,5.000000,300.000000,1.000000,2.000000,0.465276
008,0154,HASL_008_0154,36.033078,28.360275,0.400000,1.000000,1.000000,90.000000,5.800000,0.000000,0.865000,0.000000,5.000000,300.000000,1.000000,2.000000,0.465425
008,0153,HASL_008_0153,35.000000,28.594249,0.400000,0.087499,1.000000,90.000000,5.800000,0.000000,0.865000,0.000000,5.000000,300.000000,1.000000,2.000000,0.465194
008,0152,HASL_008_0152,35.000000,25.066065,0.560563,0.647810,1.000000,90.000000,5.800000,0.000000,0.865000,0.000000,5.000000,300.000000,1.000000,2.000000,0.470549
008,0151,HASL_008_0151,35.000000,26.565177,0.691555,0.000000,1.000000,90.000000,5.800000,0.000000,0.865000,0.000000,5.000000,300.000000,1.000000,2.000000,0.467521
008,0150,HASL_008_0150,35.000000,20.792864,0.900000,0.000000,1.000000,90.000000,5.800000,0.000000,0.865000,0.000000,5.000000,300.000000,1.000000,2.000000,0.456763
008,0149,HASL_008_0149,35.776127,23.522001,0.900000,0.514509,1.000000,90.000000,5.800000,0.000000,0.865000,0.000000,5.000000,300.000000,1.000000,2.000000,0.458041
008,0148,HASL_008_0148,36.604195,30.000000,0.900000,0.626374,1.000000,90.000000,5.800000,0.000000,0.865000,0.000000,5.000000,300.000000,1.000000,2.000000,0.464131
008,0147,HASL_008_0147,42.733686,24.338412,0.752858,0.542637,1.000000,90.000000,5.800000,0.000000,0.865000,0.000000,5.000000,300.000000,1.000000,2.000000,0.461544
008,0146,HASL_008_0146,35.000000,29.208193,0.708308,0.565201,1.000000,90.000000,5.800000,0.000000,0.865000,0.000000,5.000000,300.000000,1.000000,2.000000,0.465167
008,0145,HASL_008_0145,36.941419,27.441063,0.678080,0.004788,1.000000,90.000000,5.800000,0.000000,0.865000,0.000000,5.000000,300.000000,1.000000,2.000000,0.469875
008,0144,HASL_008_0144,35.000000,26.229939,0.548819,0.906665,1.000000,90.000000,5.800000,0.000000,0.865000,0.000000,5.000000,300.000000,1.000000,2.000000,0.467656
008,0143,HASL_008_0143,35.000000,29.024670,0.603887,0.026796,1.000000,90.000000,5.800000,0.000000,0.865000,0.000000,5.000000,300.000000,1.000000,2.000000,0.465080
008,0142,HASL_008_0142,35.000000,24.253385,0.900000,0.000000,1.000000,90.000000,5.800000,0.000000,0.865000,0.000000,5.000000,300.000000,1.000000,2.000000,0.475749
008,0141,HASL_008_0141,35.000000,22.422593,0.400000,0.888270,1.000000,90.000000,5.800000,0.000000,0.865000,0.000000,5.000000,300.000000,1.000000,2.000000,0.438595
008,0140,HASL_008_0140,39.306613,24.217023,0.900000,0.175274,1.000000,90.000000,5.800000,0.000000,0.865000,0.000000,5.000000,300.000000,1.000000,2.000000,0.470177
008,0139,HASL_008_0139,35.000000,30.000000,0.739482,0.051645,1.000000,90.000000,5.800000,0.000000,0.865000,0.000000,5.000000,300.000000,1.000000,2.000000,0.463253
008,0138,HASL_008_0138,35.000000,27.631629,0.788042,0.221049,1.000000,90.000000,5.800000,0.000000,0.865000,0.000000,5.000000,300.000000,1.000000,2.000000,0.471272
008,0137,HASL_008_0137,35.000000,29.327788,0.822328,0.435355,1.000000,90.000000,5.800000,0.000000,0.865000,0.000000,5.000000,300.000000,1.000000,2.000000,0.465546
008,0136,HASL_008_0136,35.000000,28.109357,0.882826,0.170820,1.000000,90.000000,5.800000,0.000000,0.865000,0.000000,5.000000,300.000000,1.000000,2.000000,0.469720
008,0135,HASL_008_0135,35.000000,20.374025,0.900000,0.000980,1.000000,90.000000,5.800000,0.000000,0.865000,0.000000,5.000000,300.000000,1.000000,2.000000,0.457727
008,0134,HASL_008_0134,36.432320,22.505628,0.573245,0.533263,1.000000,90.000000,5.800000,0.000000,0.865000,0.000000,5.000000,300.000000,1.000000,2.000000,0.439340
008,0133,HASL_008_0133,36.524899,21.803882,0.575984,0.092539,1.000000,90.000000,5.800000,0.000000,0.865000,0.000000,5.000000,300.000000,1.000000,2.000000,0.450475
008,0132,HASL_008_0132,35.000000,23.719138,0.810472,0.000000,1.000000,90.000000,5.800000,0.000000,0.865000,0.000000,5.000000,300.000000,1.000000,2.000000,0.476516
008,0131,HASL_008_0131,36.293384,22.264573,0.886143,0.000000,1.000000,90.000000,5.800000,0.000000,0.865000,0.000000,5.000000,300.000000,1.000000,2.000000,0.450930
008,0130,HASL_008_0130,35.000000,28.273114,0.400000,1.000000,1.000000,90.000000,5.800000,0.000000,0.865000,0.000000,5.000000,300.000000,1.000000,2.000000,0.465768
008,0129,HASL_008_0129,36.336463,29.207334,0.683287,0.000000,1.000000,90.000000,5.800000,0.000000,0.865000,0.000000,5.000000,300.000000,1.000000,2.000000,0.464766
008,0128,HASL_008_0128,35.000000,25.597543,0.900000,0.561472,1.000000,90.000000,5.800000,0.000000,0.865000,0.000000,5.000000,300.000000,1.000000,2.000000,0.472128
008,0127,HASL_008_0127,35.000000,28.298335,0.864559,0.305088,1.000000,90.000000,5.800000,0.000000,0.865000,0.000000,5.000000,300.000000,1.000000,2.000000,0.469107
008,0126,HASL_008_0126,35.000000,27.577093,0.492299,0.530783,1.000000,90.000000,5.800000,0.000000,0.865000,0.000000,5.000000,300.000000,1.000000,2.000000,0.468823
008,0125,HASL_008_0125,35.000000,24.304676,0.627727,0.387271,1.000000,90.000000,5.800000,0.000000,0.865000,0.000000,5.000000,300.000000,1.000000,2.000000,0.473158
008,0124,HASL_008_0124,38.244586,28.072660,0.445374,0.028969,1.000000,90.000000,5.800000,0.000000,0.865000,0.000000,5.000000,300.000000,1.000000,2.000000,0.465929
008,0123,HASL_008_0123,37.972629,24.133509,0.504599,0.155447,1.000000,90.000000,5.800000,0.000000,0.865000,0.000000,5.000000,300.000000,1.000000,2.000000,0.469193
008,0122,HASL_008_0122,35.000000,25.244218,0.520652,0.352564,1.000000,90.000000,5.800000,0.000000,0.865000,0.000000,5.000000,300.000000,1.000000,2.000000,0.469956
008,0121,HASL_008_0121,35.230971,26.205981,0.885808,1.000000,1.000000,90.000000,5.800000,0.000000,0.865000,0.000000,5.000000,300.000000,1.000000,2.000000,0.469954
008,0120,HASL_008_0120,35.000000,22.499266,0.900000,0.394279,1.000000,90.000000,5.800000,0.000000,0.865000,0.000000,5.000000,300.000000,1.000000,2.000000,0.452010
008,0119,HASL_008_0119,35.193839,27.473059,0.900000,0.954729,1.000000,90.000000,5.800000,0.000000,0.865000,0.000000,5.000000,300.000000,1.000000,2.000000,0.472065
008,0118,HASL_008_0118,35.000000,24.227905,0.878532,0.345403,1.000000,90.000000,5.800000,0.000000,0.865000,0.000000,5.000000,300.000000,1.000000,2.000000,0.475668
008,0117,HASL_008_0117,35.000000,24.792105,0.900000,0.000000,1.000000,90.000000,5.800000,0.000000,0.865000,0.000000,5.000000,300.000000,1.000000,2.000000,0.474320
008,0116,HASL_008_0116,35.172857,23.553841,0.602370,0.070961,1.000000,90.000000,5.800000,0.000000,0.865000,0.000000,5.000000,300.000000,1.000000,2.000000,0.474875
008,0115,HASL_008_0115,38.864089,26.976615,0.900000,0.004506,1.000000,90.000000,5.800000,0.000000,0.865000,0.000000,5.000000,300.000000,1.000000,2.000000,0.468908
008,0114,HASL_008_0114,36.448526,24.628451,0.662256,0.000000,1.000000,90.000000,5.800000,0.000000,0.865000,0.000000,5.000000,300.000000,1.000000,2.000000,0.471516
008,0113,HASL_008_0113,35.000000,29.638409,0.863989,0.000000,1.000000,90.000000,5.800000,0.000000,0.865000,0.000000,5.000000,300.000000,1.000000,2.000000,0.464874
008,0112,HASL_008_0112,35.000000,26.004098,0.568086,0.197190,1.000000,90.000000,5.800000,0.000000,0.865000,0.000000,5.000000,300.000000,1.000000,2.000000,0.468358
008,0111,HASL_008_0111,35.617774,26.850910,0.400000,1.000000,1.000000,90.000000,5.800000,0.000000,0.865000,0.000000,5.000000,300.000000,1.000000,2.000000,0.463831
008,0110,HASL_008_0110,35.193839,27.208990,0.885565,0.244070,1.000000,90.000000,5.800000,0.000000,0.865000,0.000000,5.000000,300.000000,1.000000,2.000000,0.472745
008,0109,HASL_008_0109,35.000000,26.134229,0.550978,0.559762,1.000000,90.000000,5.800000,0.000000,0.865000,0.000000,5.000000,300.000000,1.000000,2.000000,0.467742
008,0108,HASL_008_0108,35.000000,28.852924,0.501388,1.000000,1.000000,90.000000,5.800000,0.000000,0.865000,0.000000,5.000000,300.000000,1.000000,2.000000,0.464944
008,0107,HASL_008_0107,35.000000,28.897291,0.718210,0.249673,1.000000,90.000000,5.800000,0.000000,0.865000,0.000000,5.000000,300.000000,1.000000,2.000000,0.466223
008,0106,HASL_008_0106,36.277249,11.516909,0.534102,0.850284,1.000000,90.000000,5.800000,0.000000,0.865000,0.000000,5.000000,300.000000,1.000000,2.000000,0.438752
008,0105,HASL_008_0105,35.000000,23.663977,0.453040,1.000000,1.000000,90.000000,5.800000,0.000000,0.865000,0.000000,5.000000,300.000000,1.000000,2.000000,0.473521
008,0104,HASL_008_0104,41.189931,30.000000,0.900000,0.357608,1.000000,90.000000,5.800000,0.000000,0.865000,0.000000,5.000000,300.000000,1.000000,2.000000,0.460312
008,0103,HASL_008_0103,39.092095,29.400714,0.400000,0.379810,1.000000,90.000000,5.800000,0.000000,0.865000,0.000000,5.000000,300.000000,1.000000,2.000000,0.461297
008,0102,HASL_008_0102,35.000000,30.000000,0.750423,0.813523,1.000000,90.000000,5.800000,0.000000,0.865000,0.000000,5.000000,300.000000,1.000000,2.000000,0.463269
008,0101,HASL_008_0101,35.000000,30.000000,0.900000,0.646653,1.000000,90.000000,5.800000,0.000000,0.865000,0.000000,5.000000,300.000000,1.000000,2.000000,0.464419
008,0100,HASL_008_0100,38.367702,30.000000,0.881718,0.646653,1.000000,90.000000,5.800000,0.000000,0.865000,0.000000,5.000000,300.000000,1.000000,2.000000,0.462689
008,0099,HASL_008_0099,35.000000,29.661806,0.527208,0.348284,1.000000,90.000000,5.800000,0.000000,0.865000,0.000000,5.000000,300.000000,1.000000,2.000000,0.462797
008,0098,HASL_008_0098,36.432320,20.350408,0.659742,0.224695,1.000000,90.000000,5.800000,0.000000,0.865000,0.000000,5.000000,300.000000,1.000000,2.000000,0.453341
008,0097,HASL_008_0097,36.187644,24.759310,0.900000,0.000000,1.000000,90.000000,5.800000,0.000000,0.865000,0.000000,5.000000,300.000000,1.000000,2.000000,0.473258
008,0096,HASL_008_0096,38.446458,23.663977,0.400000,0.854597,1.000000,90.000000,5.800000,0.000000,0.865000,0.000000,5.000000,300.000000,1.000000,2.000000,0.433158
008,0095,HASL_008_0095,35.147054,30.000000,0.563315,0.000000,1.000000,90.000000,5.800000,0.000000,0.865000,0.000000,5.000000,300.000000,1.000000,2.000000,0.461992
008,0094,HASL_008_0094,35.000000,28.897291,0.474149,0.567725,1.000000,90.000000,5.800000,0.000000,0.865000,0.000000,5.000000,300.000000,1.000000,2.000000,0.464868
008,0093,HASL_008_0093,35.000000,27.810930,0.501388,1.000000,1.000000,90.000000,5.800000,0.000000,0.865000,0.000000,5.000000,300.000000,1.000000,2.000000,0.468478
008,0092,HASL_008_0092,35.230971,30.000000,0.900000,0.626647,1.000000,90.000000,5.800000,0.000000,0.865000,0.000000,5.000000,300.000000,1.000000,2.000000,0.464259
008,0091,HASL_008_0091,37.179230,27.214667,0.900000,0.000000,1.000000,90.000000,5.800000,0.000000,0.865000,0.000000,5.000000,300.000000,1.000000,2.000000,0.470648
008,0090,HASL_008_0090,35.617774,26.724957,0.768496,0.481597,1.000000,90.000000,5.800000,0.000000,0.865000,0.000000,5.000000,300.000000,1.000000,2.000000,0.467332
008,0089,HASL_008_0089,35.000000,28.210456,0.632696,0.253742,1.000000,90.000000,5.800000,0.000000,0.865000,0.000000,5.000000,300.000000,1.000000,2.000000,0.468461
008,0088,HASL_008_0088,38.971847,27.579520,0.863989,1.000000,1.000000,90.000000,5.800000,0.000000,0.865000,0.000000,5.000000,300.000000,1.000000,2.000000,0.467300
008,0087,HASL_008_0087,41.487094,30.000000,0.400000,0.484793,1.000000,90.000000,5.800000,0.000000,0.865000,0.000000,5.000000,300.000000,1.000000,2.000000,0.456365
008,0086,HASL_008_0086,35.000000,25.175736,0.772038,0.662751,1.000000,90.000000,5.800000,0.000000,0.865000,0.000000,5.000000,300.000000,1.000000,2.000000,0.472309
008,0085,HASL_008_0085,35.184777,23.553841,0.900000,0.684043,1.000000,90.000000,5.800000,0.000000,0.865000,0.000000,5.000000,300.000000,1.000000,2.000000,0.477523
008,0084,HASL_008_0084,35.000000,21.862437,0.739856,1.000000,1.000000,90.000000,5.800000,0.000000,0.865000,0.000000,5.000000,300.000000,1.000000,2.000000,0.452531
008,0083,HASL_008_0083,35.000000,30.000000,0.878532,0.000000,1.000000,90.000000,5.800000,0.000000,0.865000,0.000000,5.000000,300.000000,1.000000,2.000000,0.464135
008,0082,HASL_008_0082,36.494735,24.602222,0.900000,0.176715,1.000000,90.000000,5.800000,0.000000,0.865000,0.000000,5.000000,300.000000,1.000000,2.000000,0.473602
008,0081,HASL_008_0081,35.401395,30.000000,0.900000,0.234257,1.000000,90.000000,5.800000,0.000000,0.865000,0.000000,5.000000,300.000000,1.000000,2.000000,0.464280
008,0080,HASL_008_0080,35.230971,28.273114,0.900000,0.614475,1.000000,90.000000,5.800000,0.000000,0.865000,0.000000,5.000000,300.000000,1.000000,2.000000,0.469115
008,0079,HASL_008_0079,35.000000,28.079135,0.900000,0.395019,1.000000,90.000000,5.800000,0.000000,0.865000,0.000000,5.000000,300.000000,1.000000,2.000000,0.469682
008,0078,HASL_008_0078,39.412949,27.288753,0.649917,0.155447,1.000000,90.000000,5.800000,0.000000,0.865000,0.000000,5.000000,300.000000,1.000000,2.000000,0.465692
008,0077,HASL_008_0077,41.356162,28.072660,0.670846,0.051113,1.000000,90.000000,5.800000,0.000000,0.865000,0.000000,5.000000,300.000000,1.000000,2.000000,0.462996
008,0076,HASL_008_0076,35.000000,29.305738,0.900000,0.000000,1.000000,90.000000,5.800000,0.000000,0.865000,0.000000,5.000000,300.000000,1.000000,2.000000,0.466464
008,0075,HASL_008_0075,35.000000,28.008272,0.492299,0.121320,1.000000,90.000000,5.800000,0.000000,0.865000,0.000000,5.000000,300.000000,1.000000,2.000000,0.467629
008,0074,HASL_008_0074,43.195798,28.298335,0.900000,0.305088,1.000000,90.000000,5.800000,0.000000,0.865000,0.000000,5.000000,300.000000,1.000000,2.000000,0.456926
008,0073,HASL_008_0073,35.000000,24.910129,0.704587,0.868250,1.000000,90.000000,5.800000,0.000000,0.865000,0.000000,5.000000,300.000000,1.000000,2.000000,0.472342
008,0072,HASL_008_0072,35.000000,24.220518,0.521255,0.686387,1.000000,90.000000,5.800000,0.000000,0.865000,0.000000,5.000000,300.000000,1.000000,2.000000,0.472773
008,0071,HASL_008_0071,35.000000,27.767944,0.881461,0.828818,1.000000,90.000000,5.800000,0.000000,0.865000,0.000000,5.000000,300.000000,1.000000,2.000000,0.470619
008,0070,HASL_008_0070,35.000000,23.211161,0.886143,0.059851,1.000000,90.000000,5.800000,0.000000,0.865000,0.000000,5.000000,300.000000,1.000000,2.000000,0.459061
008,0069,HASL_008_0069,35.000000,27.458139,0.400000,0.797165,1.000000,90.000000,5.800000,0.000000,0.865000,0.000000,5.000000,300.000000,1.000000,2.000000,0.462662
008,0068,HASL_008_0068,43.093484,30.000000,0.575984,0.209360,1.000000,90.000000,5.800000,0.000000,0.865000,0.000000,5.000000,300.000000,1.000000,2.000000,0.454569
008,0067,HASL_008_0067,35.476356,23.673624,0.608955,0.651959,1.000000,90.000000,5.800000,0.000000,0.865000,0.000000,5.000000,300.000000,1.000000,2.000000,0.474638
008,0066,HASL_008_0066,37.123369,27.009578,0.863484,0.062466,1.000000,90.000000,5.800000,0.000000,0.865000,0.000000,5.000000,300.000000,1.000000,2.000000,0.471008
008,0065,HASL_008_0065,35.172857,23.056603,0.785997,0.971738,1.000000,90.000000,5.800000,0.000000,0.865000,0.000000,5.000000,300.000000,1.000000,2.000000,0.440001
008,0064,HASL_008_0064,35.000000,28.416759,0.613712,1.000000,1.000000,90.000000,5.800000,0.000000,0.865000,0.000000,5.000000,300.000000,1.000000,2.000000,0.466741
008,0063,HASL_008_0063,39.371767,30.000000,0.582149,0.000000,1.000000,90.000000,5.800000,0.000000,0.865000,0.000000,5.000000,300.000000,1.000000,2.000000,0.460401
008,0062,HASL_008_0062,41.765068,24.507530,0.455490,0.000000,1.000000,90.000000,5.800000,0.000000,0.865000,0.000000,5.000000,300.000000,1.000000,2.000000,0.460917
008,0061,HASL_008_0061,37.005698,24.217023,0.900000,1.000000,1.000000,90.000000,5.800000,0.000000,0.865000,0.000000,5.000000,300.000000,1.000000,2.000000,0.474017
008,0060,HASL_008_0060,35.000000,27.260590,0.688670,0.553988,1.000000,90.000000,5.800000,0.000000,0.865000,0.000000,5.000000,300.000000,1.000000,2.000000,0.470950
008,0059,HASL_008_0059,35.000000,28.524903,0.900000,0.698544,1.000000,90.000000,5.800000,0.000000,0.865000,0.000000,5.000000,300.000000,1.000000,2.000000,0.469396
008,0058,HASL_008_0058,35.000000,29.024670,0.594755,0.000000,1.000000,90.000000,5.800000,0.000000,0.865000,0.000000,5.000000,300.000000,1.000000,2.000000,0.466126
008,0057,HASL_008_0057,38.318610,25.872751,0.548819,0.000000,1.000000,90.000000,5.800000,0.000000,0.865000,0.000000,5.000000,300.000000,1.000000,2.000000,0.464815
008,0056,HASL_008_0056,35.000000,23.723682,0.900000,0.000000,1.000000,90.000000,5.800000,0.000000,0.865000,0.000000,5.000000,300.000000,1.000000,2.000000,0.477195
008,0055,HASL_008_0055,35.000000,23.133921,0.785062,0.383987,1.000000,90.000000,5.800000,0.000000,0.865000,0.000000,5.000000,300.000000,1.000000,2.000000,0.438621
008,0054,HASL_008_0054,35.000000,24.020101,0.615410,1.000000,1.000000,90.000000,5.800000,0.000000,0.865000,0.000000,5.000000,300.000000,1.000000,2.000000,0.473869
008,0053,HASL_008_0053,35.620902,30.000000,0.446855,0.000000,1.000000,90.000000,5.800000,0.000000,0.865000,0.000000,5.000000,300.000000,1.000000,2.000000,0.461239
008,0052,HASL_008_0052,35.000000,20.247801,0.853077,0.596244,1.000000,90.000000,5.800000,0.000000,0.865000,0.000000,5.000000,300.000000,1.000000,2.000000,0.457886
008,0051,HASL_008_0051,35.000000,23.569348,0.676895,1.000000,1.000000,90.000000,5.800000,0.000000,0.865000,0.000000,5.000000,300.000000,1.000000,2.000000,0.475552
008,0050,HASL_008_0050,35.826462,29.057133,0.685835,0.368477,1.000000,90.000000,5.800000,0.000000,0.865000,0.000000,5.000000,300.000000,1.000000,2.000000,0.465815
008,0049,HASL_008_0049,35.000000,25.529819,0.400000,0.000000,1.000000,90.000000,5.800000,0.000000,0.865000,0.000000,5.000000,300.000000,1.000000,2.000000,0.468011
008,0048,HASL_008_0048,37.693281,28.848324,0.900000,0.918911,1.000000,90.000000,5.800000,0.000000,0.865000,0.000000,5.000000,300.000000,1.000000,2.000000,0.466377
008,0047,HASL_008_0047,35.000000,29.865882,0.750456,1.000000,1.000000,90.000000,5.800000,0.000000,0.865000,0.000000,5.000000,300.000000,1.000000,2.000000,0.464393
008,0046,HASL_008_0046,37.594384,28.753355,0.900000,0.180994,1.000000,90.000000,5.800000,0.000000,0.865000,0.000000,5.000000,300.000000,1.000000,2.000000,0.467202
008,0045,HASL_008_0045,38.864089,24.905757,0.762597,0.868250,1.000000,90.000000,5.800000,0.000000,0.865000,0.000000,5.000000,300.000000,1.000000,2.000000,0.468202
008,0044,HASL_008_0044,35.000000,25.448871,0.881287,0.507335,1.000000,90.000000,5.800000,0.000000,0.865000,0.000000,5.000000,300.000000,1.000000,2.000000,0.472660
008,0043,HASL_008_0043,35.000000,30.000000,0.896931,0.483706,1.000000,90.000000,5.800000,0.000000,0.865000,0.000000,5.000000,300.000000,1.000000,2.000000,0.464448
008,0042,HASL_008_0042,40.443507,24.723874,0.494099,0.806479,1.000000,90.000000,5.800000,0.000000,0.865000,0.000000,5.000000,300.000000,1.000000,2.000000,0.463609
008,0041,HASL_008_0041,35.000000,30.000000,0.900000,0.322670,1.000000,90.000000,5.800000,0.000000,0.865000,0.000000,5.000000,300.000000,1.000000,2.000000,0.464443
008,0040,HASL_008_0040,35.000000,30.000000,0.559945,0.857479,1.000000,90.000000,5.800000,0.000000,0.865000,0.000000,5.000000,300.000000,1.000000,2.000000,0.462068
008,0039,HASL_008_0039,35.000000,28.590129,0.779614,0.366299,1.000000,90.000000,5.800000,0.000000,0.865000,0.000000,5.000000,300.000000,1.000000,2.000000,0.467626
008,0038,HASL_008_0038,38.971847,26.666947,0.900000,1.000000,1.000000,90.000000,5.800000,0.000000,0.865000,0.000000,5.000000,300.000000,1.000000,2.000000,0.464748
008,0037,HASL_008_0037,35.000000,29.328260,0.900000,0.685027,1.000000,90.000000,5.800000,0.000000,0.865000,0.000000,5.000000,300.000000,1.000000,2.000000,0.466384
008,0036,HASL_008_0036,35.000000,22.325210,0.400000,0.524909,1.000000,90.000000,5.800000,0.000000,0.865000,0.000000,5.000000,300.000000,1.000000,2.000000,0.438886
008,0035,HASL_008_0035,36.806042,30.000000,0.681999,0.479474,1.000000,90.000000,5.800000,0.000000,0.865000,0.000000,5.000000,300.000000,1.000000,2.000000,0.462514
008,0034,HASL_008_0034,35.000000,28.442998,0.633277,0.647156,1.000000,90.000000,5.800000,0.000000,0.865000,0.000000,5.000000,300.000000,1.000000,2.000000,0.467170
008,0033,HASL_008_0033,39.331983,25.193989,0.400000,0.804981,1.000000,90.000000,5.800000,0.000000,0.865000,0.000000,5.000000,300.000000,1.000000,2.000000,0.463706
008,0032,HASL_008_0032,36.033078,26.450733,0.400000,0.000000,1.000000,90.000000,5.800000,0.000000,0.865000,0.000000,5.000000,300.000000,1.000000,2.000000,0.464825
008,0031,HASL_008_0031,35.000000,29.330019,0.900000,0.951533,1.000000,90.000000,5.800000,0.000000,0.865000,0.000000,5.000000,300.000000,1.000000,2.000000,0.466212
008,0030,HASL_008_0030,39.308073,30.000000,0.667339,0.267949,1.000000,90.000000,5.800000,0.000000,0.865000,0.000000,5.000000,300.000000,1.000000,2.000000,0.461209
008,0029,HASL_008_0029,36.906513,24.404909,0.400000,0.756541,1.000000,90.000000,5.800000,0.000000,0.865000,0.000000,5.000000,300.000000,1.000000,2.000000,0.469154
008,0028,HASL_008_0028,35.147822,26.592387,0.639876,0.493749,1.000000,90.000000,5.800000,0.000000,0.865000,0.000000,5.000000,300.000000,1.000000,2.000000,0.466980
008,0027,HASL_008_0027,36.389263,30.000000,0.900000,0.372551,1.000000,90.000000,5.800000,0.000000,0.865000,0.000000,5.000000,300.000000,1.000000,2.000000,0.464252
008,0026,HASL_008_0026,35.000000,30.000000,0.574401,0.505723,1.000000,90.000000,5.800000,0.000000,0.865000,0.000000,5.000000,300.000000,1.000000,2.000000,0.462906
008,0025,HASL_008_0025,35.000000,30.000000,0.795390,0.634103,1.000000,90.000000,5.800000,0.000000,0.865000,0.000000,5.000000,300.000000,1.000000,2.000000,0.463827
008,0024,HASL_008_0024,41.953895,26.249078,0.778216,0.000000,1.000000,90.000000,5.800000,0.000000,0.865000,0.000000,5.000000,300.000000,1.000000,2.000000,0.459247
008,0023,HASL_008_0023,35.000000,25.736228,0.885030,1.000000,1.000000,90.000000,5.800000,0.000000,0.865000,0.000000,5.000000,300.000000,1.000000,2.000000,0.471560
008,0022,HASL_008_0022,35.117643,30.000000,0.807547,0.589371,1.000000,90.000000,5.800000,0.000000,0.865000,0.000000,5.000000,300.000000,1.000000,2.000000,0.463557
008,0021,HASL_008_0021,39.606945,29.629431,0.541106,0.689224,1.000000,90.000000,5.800000,0.000000,0.865000,0.000000,5.000000,300.000000,1.000000,2.000000,0.460954
008,0020,HASL_008_0020,44.011945,24.176147,0.463989,0.691606,1.000000,90.000000,5.800000,0.000000,0.865000,0.000000,5.000000,300.000000,1.000000,2.000000,0.456257
008,0019,HASL_008_0019,35.000000,30.000000,0.900000,0.396876,1.000000,90.000000,5.800000,0.000000,0.865000,0.000000,5.000000,300.000000,1.000000,2.000000,0.464457
008,0018,HASL_008_0018,35.184777,27.317796,0.500346,0.558088,1.000000,90.000000,5.800000,0.000000,0.865000,0.000000,5.000000,300.000000,1.000000,2.000000,0.463743
008,0017,HASL_008_0017,36.653185,24.570377,0.602981,1.000000,1.000000,90.000000,5.800000,0.000000,0.865000,0.000000,5.000000,300.000000,1.000000,2.000000,0.470885
008,0016,HASL_008_0016,35.000000,29.241197,0.900000,0.708671,1.000000,90.000000,5.800000,0.000000,0.865000,0.000000,5.000000,300.000000,1.000000,2.000000,0.466437
008,0015,HASL_008_0015,35.926634,24.855202,0.900000,0.800000,1.000000,90.000000,5.800000,0.000000,0.865000,0.000000,5.000000,300.000000,1.000000,2.000000,0.473251
008,0014,HASL_008_0014,35.000000,30.000000,0.424607,0.438322,1.000000,90.000000,5.800000,0.000000,0.865000,0.000000,5.000000,300.000000,1.000000,2.000000,0.460969
008,0013,HASL_008_0013,42.514234,30.000000,0.796519,0.341036,1.000000,90.000000,5.800000,0.000000,0.865000,0.000000,5.000000,300.000000,1.000000,2.000000,0.457212
008,0012,HASL_008_0012,35.000000,25.039875,0.726473,0.000000,1.000000,90.000000,5.800000,0.000000,0.865000,0.000000,5.000000,300.000000,1.000000,2.000000,0.471919
008,0011,HASL_008_0011,38.986419,25.177556,0.900000,0.951281,1.000000,90.000000,5.800000,0.000000,0.865000,0.000000,5.000000,300.000000,1.000000,2.000000,0.468724
008,0010,HASL_008_0010,35.000000,30.000000,0.868232,0.000000,1.000000,90.000000,5.800000,0.000000,0.865000,0.000000,5.000000,300.000000,1.000000,2.000000,0.464078
008,0009,HASL_008_0009,35.000000,25.340802,0.688144,0.793542,1.000000,90.000000,5.800000,0.000000,0.865000,0.000000,5.000000,300.000000,1.000000,2.000000,0.470928
008,0008,HASL_008_0008,38.971847,30.000000,0.780270,1.000000,1.000000,90.000000,5.800000,0.000000,0.865000,0.000000,5.000000,300.000000,1.000000,2.000000,0.462307
008,0007,HASL_008_0007,35.000000,25.563643,0.860472,0.887424,1.000000,90.000000,5.800000,0.000000,0.865000,0.000000,5.000000,300.000000,1.000000,2.000000,0.471734
008,0006,HASL_008_0006,36.872139,25.570605,0.900000,0.437688,1.000000,90.000000,5.800000,0.000000,0.865000,0.000000,5.000000,300.000000,1.000000,2.000000,0.470533
008,0005,HASL_008_0005,38.446458,25.114054,0.900000,0.610230,1.000000,90.000000,5.800000,0.000000,0.865000,0.000000,5.000000,300.000000,1.000000,2.000000,0.469503
008,0004,HASL_008_0004,36.847701,24.596334,0.473743,0.121835,1.000000,90.000000,5.800000,0.000000,0.865000,0.000000,5.000000,300.000000,1.000000,2.000000,0.469426
008,0003,HASL_008_0003,35.000000,24.752343,0.570363,0.000000,1.000000,90.000000,5.800000,0.000000,0.865000,0.000000,5.000000,300.000000,1.000000,2.000000,0.471838
008,0002,HASL_008_0002,35.337224,26.615075,0.886143,0.221437,1.000000,90.000000,5.800000,0.000000,0.865000,0.000000,5.000000,300.000000,1.000000,2.000000,0.468819
008,0001,HASL_008_0001,35.000000,28.605144,0.739631,0.740501,1.000000,90.000000,5.800000,0.000000,0.865000,0.000000,5.000000,300.000000,1.000000,2.000000,0.468219
009,0200,HASL_009_0200,35.000000,22.174200,0.739631,0.740501,1.000000,90.000000,5.800000,0.000000,0.865000,0.000000,5.000000,300.000000,1.000000,2.000000,0.450229
009,0199,HASL_009_0199,35.000000,19.491825,0.900000,0.923306,1.000000,90.000000,5.800000,0.000000,0.865000,0.000000,5.000000,300.000000,1.000000,2.000000,0.460345
009,0198,HASL_009_0198,35.000000,23.461503,0.570363,0.000000,1.000000,90.000000,5.800000,0.000000,0.865000,0.000000,5.000000,300.000000,1.000000,2.000000,0.475005
009,0197,HASL_009_0197,35.000000,25.585739,0.740341,0.434551,1.000000,90.000000,5.800000,0.000000,0.865000,0.000000,5.000000,300.000000,1.000000,2.000000,0.470741
009,0196,HASL_009_0196,35.000000,24.711483,0.594909,0.759615,1.000000,90.000000,5.800000,0.000000,0.865000,0.000000,5.000000,300.000000,1.000000,2.000000,0.471874
009,0195,HASL_009_0195,36.872139,25.570605,0.900000,0.437688,1.000000,90.000000,5.800000,0.000000,0.865000,0.000000,5.000000,300.000000,1.000000,2.000000,0.470660
009,0194,HASL_009_0194,38.446458,25.563643,0.518066,1.000000,1.000000,90.000000,5.800000,0.000000,0.865000,0.000000,5.000000,300.000000,1.000000,2.000000,0.465129
009,0193,HASL_009_0193,39.971938,24.524403,0.689549,0.398031,1.000000,90.000000,5.800000,0.000000,0.865000,0.000000,5.000000,300.000000,1.000000,2.000000,0.466403
009,0192,HASL_009_0192,35.000000,25.471481,0.680129,0.793542,1.000000,90.000000,5.800000,0.000000,0.865000,0.000000,5.000000,300.000000,1.000000,2.000000,0.470618
009,0191,HASL_009_0191,38.291387,30.000000,0.702237,0.301133,1.000000,90.000000,5.800000,0.000000,0.865000,0.000000,5.000000,300.000000,1.000000,2.000000,0.462221
009,0190,HASL_009_0190,35.000000,30.000000,0.789131,0.845216,1.000000,90.000000,5.800000,0.000000,0.865000,0.000000,5.000000,300.000000,1.000000,2.000000,0.463372
009,0189,HASL_009_0189,35.000000,23.823580,0.489768,0.000000,1.000000,90.000000,5.800000,0.000000,0.865000,0.000000,5.000000,300.000000,1.000000,2.000000,0.473246
009,0188,HASL_009_0188,35.000000,20.279682,0.900000,0.051113,1.000000,90.000000,5.800000,0.000000,0.865000,0.000000,5.000000,300.000000,1.000000,2.000000,0.457903
009,0187,HASL_009_0187,38.177478,30.000000,0.788975,0.000000,1.000000,90.000000,5.800000,0.000000,0.865000,0.000000,5.000000,300.000000,1.000000,2.000000,0.462995
009,0186,HASL_009_0186,35.000000,24.223325,0.900000,0.013361,1.000000,90.000000,5.800000,0.000000,0.865000,0.000000,5.000000,300.000000,1.000000,2.000000,0.475778
009,0185,HASL_009_0185,35.000000,29.241197,0.900000,0.708671,1.000000,90.000000,5.800000,0.000000,0.865000,0.000000,5.000000,300.000000,1.000000,2.000000,0.466365
009,0184,HASL_009_0184,36.653185,26.690743,0.900000,0.441243,1.000000,90.000000,5.800000,0.000000,0.865000,0.000000,5.000000,300.000000,1.000000,2.000000,0.467669
009,0183,HASL_009_0183,35.000000,27.317796,0.608955,0.739196,1.000000,90.000000,5.800000,0.000000,0.865000,0.000000,5.000000,300.000000,1.000000,2.000000,0.470230
009,0182,HASL_009_0182,35.000000,27.466502,0.900000,0.663025,1.000000,90.000000,5.800000,0.000000,0.865000,0.000000,5.000000,300.000000,1.000000,2.000000,0.472491
009,0181,HASL_009_0181,35.134413,26.819181,0.773741,0.455141,1.000000,90.000000,5.800000,0.000000,0.865000,0.000000,5.000000,300.000000,1.000000,2.000000,0.467674
009,0180,HASL_009_0180,36.158821,20.494866,0.829466,0.689224,1.000000,90.000000,5.800000,0.000000,0.865000,0.000000,5.000000,300.000000,1.000000,2.000000,0.456260
009,0179,HASL_009_0179,37.401073,24.825841,0.716603,0.282678,1.000000,90.000000,5.800000,0.000000,0.865000,0.000000,5.000000,300.000000,1.000000,2.000000,0.470476
009,0178,HASL_009_0178,35.000000,28.713540,0.900000,1.000000,1.000000,90.000000,5.800000,0.000000,0.865000,0.000000,5.000000,300.000000,1.000000,2.000000,0.467749
009,0177,HASL_009_0177,41.953895,26.249078,0.778216,0.000000,1.000000,90.000000,5.800000,0.000000,0.865000,0.000000,5.000000,300.000000,1.000000,2.000000,0.459301
009,0176,HASL_009_0176,35.000000,26.669223,0.557699,0.955195,1.000000,90.000000,5.800000,0.000000,0.865000,0.000000,5.000000,300.000000,1.000000,2.000000,0.465984
009,0175,HASL_009_0175,35.172857,25.557443,0.588236,0.000000,1.000000,90.000000,5.800000,0.000000,0.865000,0.000000,5.000000,300.000000,1.000000,2.000000,0.469672
009,0174,HASL_009_0174,36.389263,21.651778,0.900000,0.372551,1.000000,90.000000,5.800000,0.000000,0.865000,0.000000,5.000000,300.000000,1.000000,2.000000,0.453734
009,0173,HASL_009_0173,35.147822,27.366939,0.801236,0.358120,1.000000,90.000000,5.800000,0.000000,0.865000,0.000000,5.000000,300.000000,1.000000,2.000000,0.471869
009,0172,HASL_009_0172,37.179230,24.404909,0.547947,0.240619,1.000000,90.000000,5.800000,0.000000,0.865000,0.000000,5.000000,300.000000,1.000000,2.000000,0.470153
009,0171,HASL_009_0171,38.799091,28.273114,0.400000,0.055846,1.000000,90.000000,5.800000,0.000000,0.865000,0.000000,5.000000,300.000000,1.000000,2.000000,0.464424
009,0170,HASL_009_0170,35.000000,29.330019,0.900000,0.000000,1.000000,90.000000,5.800000,0.000000,0.865000,0.000000,5.000000,300.000000,1.000000,2.000000,0.466441
009,0169,HASL_009_0169,35.000000,22.602291,0.900000,0.000000,1.000000,90.000000,5.800000,0.000000,0.865000,0.000000,5.000000,300.000000,1.000000,2.000000,0.451965
009,0168,HASL_009_0168,39.331983,24.499402,0.400000,1.000000,1.000000,90.000000,5.800000,0.000000,0.865000,0.000000,5.000000,300.000000,1.000000,2.000000,0.465180
009,0167,HASL_009_0167,35.000000,28.442998,0.563683,0.191756,1.000000,90.000000,5.800000,0.000000,0.865000,0.000000,5.000000,300.000000,1.000000,2.000000,0.466952
009,0166,HASL_009_0166,39.412949,27.895795,0.681999,0.661898,1.000000,90.000000,5.800000,0.000000,0.865000,0.000000,5.000000,300.000000,1.000000,2.000000,0.466408
009,0165,HASL_009_0165,35.000000,23.630351,0.900000,0.434317,1.000000,90.000000,5.800000,0.000000,0.865000,0.000000,5.000000,300.000000,1.000000,2.000000,0.477400
009,0164,HASL_009_0164,35.938237,30.000000,0.900000,1.000000,1.000000,90.000000,5.800000,0.000000,0.865000,0.000000,5.000000,300.000000,1.000000,2.000000,0.463781
009,0163,HASL_009_0163,35.494219,26.666947,0.571649,1.000000,1.000000,90.000000,5.800000,0.000000,0.865000,0.000000,5.000000,300.000000,1.000000,2.000000,0.465849
009,0162,HASL_009_0162,35.000000,28.590129,0.900000,1.000000,1.000000,90.000000,5.800000,0.000000,0.865000,0.000000,5.000000,300.000000,1.000000,2.000000,0.468072
009,0161,HASL_009_0161,38.567627,30.000000,0.900000,0.183812,1.000000,90.000000,5.800000,0.000000,0.865000,0.000000,5.000000,300.000000,1.000000,2.000000,0.463454
009,0160,HASL_009_0160,37.115485,27.265036,0.900000,0.557858,1.000000,90.000000,5.800000,0.000000,0.865000,0.000000,5.000000,300.000000,1.000000,2.000000,0.470762
009,0159,HASL_009_0159,35.000000,29.187749,0.400000,0.047279,1.000000,90.000000,5.800000,0.000000,0.865000,0.000000,5.000000,300.000000,1.000000,2.000000,0.463216
009,0158,HASL_009_0158,35.000000,26.905994,0.896931,0.624476,1.000000,90.000000,5.800000,0.000000,0.865000,0.000000,5.000000,300.000000,1.000000,2.000000,0.473868
009,0157,HASL_009_0157,35.000000,25.448871,0.613010,0.507335,1.000000,90.000000,5.800000,0.000000,0.865000,0.000000,5.000000,300.000000,1.000000,2.000000,0.470130
009,0156,HASL_009_0156,35.000000,30.000000,0.854355,0.868250,1.000000,90.000000,5.800000,0.000000,0.865000,0.000000,5.000000,300.000000,1.000000,2.000000,0.464096
009,0155,HASL_009_0155,36.604195,28.753355,0.900000,0.546643,1.000000,90.000000,5.800000,0.000000,0.865000,0.000000,5.000000,300.000000,1.000000,2.000000,0.467579
009,0154,HASL_009_0154,35.000000,28.360275,0.575533,0.267955,1.000000,90.000000,5.800000,0.000000,0.865000,0.000000,5.000000,300.000000,1.000000,2.000000,0.467105
009,0153,HASL_009_0153,35.000000,28.848324,0.633194,0.513462,1.000000,90.000000,5.800000,0.000000,0.865000,0.000000,5.000000,300.000000,1.000000,2.000000,0.466064
009,0152,HASL_009_0152,35.000000,28.563113,0.400000,0.230831,1.000000,90.000000,5.800000,0.000000,0.865000,0.000000,5.000000,300.000000,1.000000,2.000000,0.465546
009,0151,HASL_009_0151,35.000000,28.612994,0.817020,1.000000,1.000000,90.000000,5.800000,0.000000,0.865000,0.000000,5.000000,300.000000,1.000000,2.000000,0.468345
009,0150,HASL_009_0150,35.000000,23.569348,0.676895,0.395019,1.000000,90.000000,5.800000,0.000000,0.865000,0.000000,5.000000,300.000000,1.000000,2.000000,0.475562
009,0149,HASL_009_0149,35.776127,24.700153,0.409334,0.000000,1.000000,90.000000,5.800000,0.000000,0.865000,0.000000,5.000000,300.000000,1.000000,2.000000,0.469949
009,0148,HASL_009_0148,36.604195,29.543679,0.900000,0.551044,1.000000,90.000000,5.800000,0.000000,0.865000,0.000000,5.000000,300.000000,1.000000,2.000000,0.465322
009,0147,HASL_009_0147,36.941419,24.020101,0.646458,0.714727,1.000000,90.000000,5.800000,0.000000,0.865000,0.000000,5.000000,300.000000,1.000000,2.000000,0.472268
009,0146,HASL_009_0146,35.000000,29.002104,0.803481,0.565201,1.000000,90.000000,5.800000,0.000000,0.865000,0.000000,5.000000,300.000000,1.000000,2.000000,0.466541
009,0145,HASL_009_0145,35.000000,27.428715,0.900000,0.782717,1.000000,90.000000,5.800000,0.000000,0.865000,0.000000,5.000000,300.000000,1.000000,2.000000,0.472609
009,0144,HASL_009_0144,38.318610,20.550625,0.534531,1.000000,1.000000,90.000000,5.800000,0.000000,0.865000,0.000000,5.000000,300.000000,1.000000,2.000000,0.449892
009,0143,HASL_009_0143,35.000000,30.000000,0.594755,0.193618,1.000000,90.000000,5.800000,0.000000,0.865000,0.000000,5.000000,300.000000,1.000000,2.000000,0.463334
009,0142,HASL_009_0142,35.476356,21.659564,0.570226,0.963304,1.000000,90.000000,5.800000,0.000000,0.865000,0.000000,5.000000,300.000000,1.000000,2.000000,0.451578
009,0141,HASL_009_0141,35.000000,27.260590,0.813503,0.000000,1.000000,90.000000,5.800000,0.000000,0.865000,0.000000,5.000000,300.000000,1.000000,2.000000,0.472338
009,0140,HASL_009_0140,41.474787,24.217023,0.435970,1.000000,1.000000,90.000000,5.800000,0.000000,0.865000,0.000000,5.000000,300.000000,1.000000,2.000000,0.462277
009,0139,HASL_009_0139,35.000000,25.527304,0.579429,0.508631,1.000000,90.000000,5.800000,0.000000,0.865000,0.000000,5.000000,300.000000,1.000000,2.000000,0.469418
009,0138,HASL_009_0138,35.000000,28.441275,0.612840,0.221049,1.000000,90.000000,5.800000,0.000000,0.865000,0.000000,5.000000,300.000000,1.000000,2.000000,0.467912
009,0137,HASL_009_0137,35.000000,30.000000,0.859863,1.000000,1.000000,90.000000,5.800000,0.000000,0.865000,0.000000,5.000000,300.000000,1.000000,2.000000,0.463469
009,0136,HASL_009_0136,42.733686,24.026503,0.706012,0.170820,1.000000,90.000000,5.800000,0.000000,0.865000,0.000000,5.000000,300.000000,1.000000,2.000000,0.461628
009,0135,HASL_009_0135,35.000000,25.070514,0.797018,0.000000,1.000000,90.000000,5.800000,0.000000,0.865000,0.000000,5.000000,300.000000,1.000000,2.000000,0.472982
009,0134,HASL_009_0134,35.485363,23.673624,0.687210,0.651959,1.000000,90.000000,5.800000,0.000000,0.865000,0.000000,5.000000,300.000000,1.000000,2.000000,0.475141
009,0133,HASL_009_0133,35.000000,28.767035,0.575984,0.092539,1.000000,90.000000,5.800000,0.000000,0.865000,0.000000,5.000000,300.000000,1.000000,2.000000,0.465619
009,0132,HASL_009_0132,35.000000,26.196813,0.771272,0.305605,1.000000,90.000000,5.800000,0.000000,0.865000,0.000000,5.000000,300.000000,1.000000,2.000000,0.469283
009,0131,HASL_009_0131,37.126196,27.641286,0.886143,0.000000,1.000000,90.000000,5.800000,0.000000,0.865000,0.000000,5.000000,300.000000,1.000000,2.000000,0.469718
009,0130,HASL_009_0130,35.147054,30.000000,0.881461,0.226142,1.000000,90.000000,5.800000,0.000000,0.865000,0.000000,5.000000,300.000000,1.000000,2.000000,0.464205
009,0129,HASL_009_0129,35.000000,28.541624,0.683287,0.000000,1.000000,90.000000,5.800000,0.000000,0.865000,0.000000,5.000000,300.000000,1.000000,2.000000,0.467156
009,0128,HASL_009_0128,35.000000,23.799844,0.565860,0.561472,1.000000,90.000000,5.800000,0.000000,0.865000,0.000000,5.000000,300.000000,1.000000,2.000000,0.473864
009,0127,HASL_009_0127,35.184777,28.298335,0.675133,0.305088,1.000000,90.000000,5.800000,0.000000,0.865000,0.000000,5.000000,300.000000,1.000000,2.000000,0.467849
009,0126,HASL_009_0126,35.000000,27.577093,0.787864,0.000000,1.000000,90.000000,5.800000,0.000000,0.865000,0.000000,5.000000,300.000000,1.000000,2.000000,0.470779
009,0125,HASL_009_0125,35.000000,24.304676,0.900000,0.136659,1.000000,90.000000,5.800000,0.000000,0.865000,0.000000,5.000000,300.000000,1.000000,2.000000,0.475862
009,0124,HASL_009_0124,35.000000,22.768977,0.445374,0.682768,1.000000,90.000000,5.800000,0.000000,0.865000,0.000000,5.000000,300.000000,1.000000,2.000000,0.438035
009,0123,HASL_009_0123,39.012560,24.133509,0.849723,0.155447,1.000000,90.000000,5.800000,0.000000,0.865000,0.000000,5.000000,300.000000,1.000000,2.000000,0.470546
009,0122,HASL_009_0122,35.000000,22.776256,0.784895,1.000000,1.000000,90.000000,5.800000,0.000000,0.865000,0.000000,5.000000,300.000000,1.000000,2.000000,0.450255
009,0121,HASL_009_0121,38.145385,26.205981,0.800509,0.939693,1.000000,90.000000,5.800000,0.000000,0.865000,0.000000,5.000000,300.000000,1.000000,2.000000,0.466401
009,0120,HASL_009_0120,35.000000,30.000000,0.400000,0.234257,1.000000,90.000000,5.800000,0.000000,0.865000,0.000000,5.000000,300.000000,1.000000,2.000000,0.460979
009,0119,HASL_009_0119,35.000000,26.727618,0.867234,0.605802,1.000000,90.000000,5.800000,0.000000,0.865000,0.000000,5.000000,300.000000,1.000000,2.000000,0.468872
009,0118,HASL_009_0118,35.000000,30.000000,0.729378,0.176715,1.000000,90.000000,5.800000,0.000000,0.865000,0.000000,5.000000,300.000000,1.000000,2.000000,0.463094
009,0117,HASL_009_0117,35.000000,29.531563,0.800513,0.162634,1.000000,90.000000,5.800000,0.000000,0.865000,0.000000,5.000000,300.000000,1.000000,2.000000,0.464963
009,0116,HASL_009_0116,35.184777,22.661776,0.624563,0.940893,1.000000,90.000000,5.800000,0.000000,0.865000,0.000000,5.000000,300.000000,1.000000,2.000000,0.438406
009,0115,HASL_009_0115,35.000000,25.175736,0.900000,0.000000,1.000000,90.000000,5.800000,0.000000,0.865000,0.000000,5.000000,300.000000,1.000000,2.000000,0.473404
009,0114,HASL_009_0114,35.017939,29.821604,0.400000,1.000000,1.000000,90.000000,5.800000,0.000000,0.865000,0.000000,5.000000,300.000000,1.000000,2.000000,0.461070
009,0113,HASL_009_0113,35.000000,27.579520,0.900000,1.000000,1.000000,90.000000,5.800000,0.000000,0.865000,0.000000,5.000000,300.000000,1.000000,2.000000,0.471819
009,0112,HASL_009_0112,35.000000,21.765369,0.568086,0.000000,1.000000,90.000000,5.800000,0.000000,0.865000,0.000000,5.000000,300.000000,1.000000,2.000000,0.451332
009,0111,HASL_009_0111,38.819532,27.916027,0.400000,0.481597,1.000000,90.000000,5.800000,0.000000,0.865000,0.000000,5.000000,300.000000,1.000000,2.000000,0.465225
009,0110,HASL_009_0110,40.318597,28.170473,0.900000,0.000000,1.000000,90.000000,5.800000,0.000000,0.865000,0.000000,5.000000,300.000000,1.000000,2.000000,0.463540
009,0109,HASL_009_0109,35.000000,26.134229,0.550978,0.024383,1.000000,90.000000,5.800000,0.000000,0.865000,0.000000,5.000000,300.000000,1.000000,2.000000,0.467618
009,0108,HASL_009_0108,35.000000,27.810930,0.400000,1.000000,1.000000,90.000000,5.800000,0.000000,0.865000,0.000000,5.000000,300.000000,1.000000,2.000000,0.467128
009,0107,HASL_009_0107,35.401395,28.581542,0.900000,0.234257,1.000000,90.000000,5.800000,0.000000,0.865000,0.000000,5.000000,300.000000,1.000000,2.000000,0.468378
009,0106,HASL_009_0106,35.395375,22.268713,0.563315,0.000000,1.000000,90.000000,5.800000,0.000000,0.865000,0.000000,5.000000,300.000000,1.000000,2.000000,0.440430
009,0105,HASL_009_0105,35.000000,23.663977,0.453040,1.000000,1.000000,90.000000,5.800000,0.000000,0.865000,0.000000,5.000000,300.000000,1.000000,2.000000,0.473429
009,0104,HASL_009_0104,35.000000,22.202196,0.824095,0.846361,1.000000,90.000000,5.800000,0.000000,0.865000,0.000000,5.000000,300.000000,1.000000,2.000000,0.450795
009,0103,HASL_009_0103,35.000000,23.929706,0.400000,0.379810,1.000000,90.000000,5.800000,0.000000,0.865000,0.000000,5.000000,300.000000,1.000000,2.000000,0.472247
009,0102,HASL_009_0102,35.000000,23.833960,0.527208,0.348284,1.000000,90.000000,5.800000,0.000000,0.865000,0.000000,5.000000,300.000000,1.000000,2.000000,0.473756
009,0101,HASL_009_0101,37.005698,23.799844,0.900000,1.000000,1.000000,90.000000,5.800000,0.000000,0.865000,0.000000,5.000000,300.000000,1.000000,2.000000,0.475044
009,0100,HASL_009_0100,41.395145,27.636022,0.780751,0.000000,1.000000,90.000000,5.800000,0.000000,0.865000,0.000000,5.000000,300.000000,1.000000,2.000000,0.461491
009,0099,HASL_009_0099,35.316722,30.000000,0.561459,1.000000,1.000000,90.000000,5.800000,0.000000,0.865000,0.000000,5.000000,300.000000,1.000000,2.000000,0.462474
009,0098,HASL_009_0098,36.432320,26.215038,0.730675,0.689224,1.000000,90.000000,5.800000,0.000000,0.865000,0.000000,5.000000,300.000000,1.000000,2.000000,0.468116
009,0097,HASL_009_0097,35.000000,27.209849,0.900000,0.376742,1.000000,90.000000,5.800000,0.000000,0.865000,0.000000,5.000000,300.000000,1.000000,2.000000,0.472962
009,0096,HASL_009_0096,35.000000,27.925743,0.453040,0.156015,1.000000,90.000000,5.800000,0.000000,0.865000,0.000000,5.000000,300.000000,1.000000,2.000000,0.467356
009,0095,HASL_009_0095,35.147054,27.645686,0.563315,0.068730,1.000000,90.000000,5.800000,0.000000,0.865000,0.000000,5.000000,300.000000,1.000000,2.000000,0.468959
009,0094,HASL_009_0094,35.184777,25.290519,0.718210,0.249673,1.000000,90.000000,5.800000,0.000000,0.865000,0.000000,5.000000,300.000000,1.000000,2.000000,0.471230
009,0093,HASL_009_0093,35.000000,27.810930,0.900000,0.984785,1.000000,90.000000,5.800000,0.000000,0.865000,0.000000,5.000000,300.000000,1.000000,2.000000,0.470699
009,0092,HASL_009_0092,35.000000,24.717307,0.656590,0.559762,1.000000,90.000000,5.800000,0.000000,0.865000,0.000000,5.000000,300.000000,1.000000,2.000000,0.472588
009,0091,HASL_009_0091,35.000000,24.876762,0.900000,0.063355,1.000000,90.000000,5.800000,0.000000,0.865000,0.000000,5.000000,300.000000,1.000000,2.000000,0.474112
009,0090,HASL_009_0090,35.617774,27.916027,0.900000,0.000000,1.000000,90.000000,5.800000,0.000000,0.865000,0.000000,5.000000,300.000000,1.000000,2.000000,0.470508
009,0089,HASL_009_0089,35.000000,24.929070,0.546115,1.000000,1.000000,90.000000,5.800000,0.000000,0.865000,0.000000,5.000000,300.000000,1.000000,2.000000,0.470702
009,0088,HASL_009_0088,35.000000,30.000000,0.627369,0.000000,1.000000,90.000000,5.800000,0.000000,0.865000,0.000000,5.000000,300.000000,1.000000,2.000000,0.462537
009,0087,HASL_009_0087,36.872139,24.628451,0.900000,0.436165,1.000000,90.000000,5.800000,0.000000,0.865000,0.000000,5.000000,300.000000,1.000000,2.000000,0.472854
009,0086,HASL_009_0086,35.641273,30.000000,0.652881,0.208438,1.000000,90.000000,5.800000,0.000000,0.865000,0.000000,5.000000,300.000000,1.000000,2.000000,0.462546
009,0085,HASL_009_0085,35.000000,23.553841,0.400000,0.498202,1.000000,90.000000,5.800000,0.000000,0.865000,0.000000,5.000000,300.000000,1.000000,2.000000,0.434076
009,0084,HASL_009_0084,42.399344,23.390174,0.900000,0.000000,1.000000,90.000000,5.800000,0.000000,0.865000,0.000000,5.000000,300.000000,1.000000,2.000000,0.450584
009,0083,HASL_009_0083,35.465830,30.000000,0.647541,0.343308,1.000000,90.000000,5.800000,0.000000,0.865000,0.000000,5.000000,300.000000,1.000000,2.000000,0.462697
009,0082,HASL_009_0082,35.193839,30.000000,0.637245,0.260741,1.000000,90.000000,5.800000,0.000000,0.865000,0.000000,5.000000,300.000000,1.000000,2.000000,0.462369
009,0081,HASL_009_0081,35.000000,22.315297,0.540443,1.000000,1.000000,90.000000,5.800000,0.000000,0.865000,0.000000,5.000000,300.000000,1.000000,2.000000,0.438642
009,0080,HASL_009_0080,36.743384,26.205981,0.900000,1.000000,1.000000,90.000000,5.800000,0.000000,0.865000,0.000000,5.000000,300.000000,1.000000,2.000000,0.468928
009,0079,HASL_009_0079,35.000000,27.795478,0.900000,0.737463,1.000000,90.000000,5.800000,0.000000,0.865000,0.000000,5.000000,300.000000,1.000000,2.000000,0.470725
009,0078,HASL_009_0078,35.000000,26.860520,0.900000,0.632183,1.000000,90.000000,5.800000,0.000000,0.865000,0.000000,5.000000,300.000000,1.000000,2.000000,0.474201
009,0077,HASL_009_0077,35.000000,28.072660,0.900000,1.000000,1.000000,90.000000,5.800000,0.000000,0.865000,0.000000,5.000000,300.000000,1.000000,2.000000,0.469828
009,0076,HASL_009_0076,35.000000,27.871322,0.687384,0.000000,1.000000,90.000000,5.800000,0.000000,0.865000,0.000000,5.000000,300.000000,1.000000,2.000000,0.469096
009,0075,HASL_009_0075,35.000000,27.577093,0.900000,0.530783,1.000000,90.000000,5.800000,0.000000,0.865000,0.000000,5.000000,300.000000,1.000000,2.000000,0.472260
009,0074,HASL_009_0074,36.370678,28.298335,0.900000,0.305088,1.000000,90.000000,5.800000,0.000000,0.865000,0.000000,5.000000,300.000000,1.000000,2.000000,0.469292
009,0073,HASL_009_0073,35.000000,23.799844,0.672356,0.169775,1.000000,90.000000,5.800000,0.000000,0.865000,0.000000,5.000000,300.000000,1.000000,2.000000,0.475342
009,0072,HASL_009_0072,36.721283,29.786969,0.500942,0.688417,1.000000,90.000000,5.800000,0.000000,0.865000,0.000000,5.000000,300.000000,1.000000,2.000000,0.461897
009,0071,HASL_009_0071,35.000000,23.736336,0.881461,0.000000,1.000000,90.000000,5.800000,0.000000,0.865000,0.000000,5.000000,300.000000,1.000000,2.000000,0.477000
009,0070,HASL_009_0070,35.147822,29.779759,0.400000,0.729541,1.000000,90.000000,5.800000,0.000000,0.865000,0.000000,5.000000,300.000000,1.000000,2.000000,0.461894
009,0069,HASL_009_0069,35.000000,20.358223,0.788866,0.893274,1.000000,90.000000,5.800000,0.000000,0.865000,0.000000,5.000000,300.000000,1.000000,2.000000,0.456818
009,0068,HASL_009_0068,39.331983,28.659612,0.400000,0.463814,1.000000,90.000000,5.800000,0.000000,0.865000,0.000000,5.000000,300.000000,1.000000,2.000000,0.463024
009,0067,HASL_009_0067,35.000000,29.665010,0.516952,0.706812,1.000000,90.000000,5.800000,0.000000,0.865000,0.000000,5.000000,300.000000,1.000000,2.000000,0.462819
009,0066,HASL_009_0066,38.776417,25.997056,0.491005,0.011672,1.000000,90.000000,5.800000,0.000000,0.865000,0.000000,5.000000,300.000000,1.000000,2.000000,0.463414
009,0065,HASL_009_0065,37.672708,24.026503,0.785997,0.607569,1.000000,90.000000,5.800000,0.000000,0.865000,0.000000,5.000000,300.000000,1.000000,2.000000,0.472408
009,0064,HASL_009_0064,39.044412,26.470737,0.900000,0.211785,1.000000,90.000000,5.800000,0.000000,0.865000,0.000000,5.000000,300.000000,1.000000,2.000000,0.465228
009,0063,HASL_009_0063,40.563116,27.631629,0.509589,0.221049,1.000000,90.000000,5.800000,0.000000,0.865000,0.000000,5.000000,300.000000,1.000000,2.000000,0.464652
009,0062,HASL_009_0062,37.594384,27.698851,0.642813,0.856460,1.000000,90.000000,5.800000,0.000000,0.865000,0.000000,5.000000,300.000000,1.000000,2.000000,0.468634
009,0061,HASL_009_0061,35.000000,24.217023,0.618509,1.000000,1.000000,90.000000,5.800000,0.000000,0.865000,0.000000,5.000000,300.000000,1.000000,2.000000,0.473434
009,0060,HASL_009_0060,37.594384,26.680334,0.900000,0.269681,1.000000,90.000000,5.800000,0.000000,0.865000,0.000000,5.000000,300.000000,1.000000,2.000000,0.466637
009,0059,HASL_009_0059,36.672264,24.253385,0.537125,0.000000,1.000000,90.000000,5.800000,0.000000,0.865000,0.000000,5.000000,300.000000,1.000000,2.000000,0.471013
009,0058,HASL_009_0058,35.000000,30.000000,0.400000,0.726757,1.000000,90.000000,5.800000,0.000000,0.865000,0.000000,5.000000,300.000000,1.000000,2.000000,0.460739
009,0057,HASL_009_0057,35.000000,26.229939,0.731435,1.000000,1.000000,90.000000,5.800000,0.000000,0.865000,0.000000,5.000000,300.000000,1.000000,2.000000,0.468742
009,0056,HASL_009_0056,36.941419,26.074902,0.796242,0.860824,1.000000,90.000000,5.800000,0.000000,0.865000,0.000000,5.000000,300.000000,1.000000,2.000000,0.468334
009,0055,HASL_009_0055,38.701274,28.279088,0.785062,0.000000,1.000000,90.000000,5.800000,0.000000,0.865000,0.000000,5.000000,300.000000,1.000000,2.000000,0.467243
009,0054,HASL_009_0054,35.000000,30.000000,0.400000,0.542637,1.000000,90.000000,5.800000,0.000000,0.865000,0.000000,5.000000,300.000000,1.000000,2.000000,0.461191
009,0053,HASL_009_0053,36.604195,24.989378,0.672727,0.626374,1.000000,90.000000,5.800000,0.000000,0.865000,0.000000,5.000000,300.000000,1.000000,2.000000,0.470376
009,0052,HASL_009_0052,35.000000,25.176822,0.438726,0.525074,1.000000,90.000000,5.800000,0.000000,0.865000,0.000000,5.000000,300.000000,1.000000,2.000000,0.469418
009,0051,HASL_009_0051,35.000000,23.963569,0.400000,1.000000,1.000000,90.000000,5.800000,0.000000,0.865000,0.000000,5.000000,300.000000,1.000000,2.000000,0.472210
009,0050,HASL_009_0050,35.138286,26.565177,0.715130,0.000000,1.000000,90.000000,5.800000,0.000000,0.865000,0.000000,5.000000,300.000000,1.000000,2.000000,0.467606
009,0049,HASL_009_0049,35.155071,25.066065,0.897121,0.647810,1.000000,90.000000,5.800000,0.000000,0.865000,0.000000,5.000000,300.000000,1.000000,2.000000,0.473371
009,0048,HASL_009_0048,35.000000,28.594249,0.502455,0.087499,1.000000,90.000000,5.800000,0.000000,0.865000,0.000000,5.000000,300.000000,1.000000,2.000000,0.465773
009,0047,HASL_009_0047,35.000000,28.360275,0.596759,1.000000,1.000000,90.000000,5.800000,0.000000,0.865000,0.000000,5.000000,300.000000,1.000000,2.000000,0.466635
009,0046,HASL_009_0046,35.000000,28.753355,0.900000,0.546643,1.000000,90.000000,5.800000,0.000000,0.865000,0.000000,5.000000,300.000000,1.000000,2.000000,0.467986
009,0045,HASL_009_0045,35.000000,24.615275,0.858451,0.894600,1.000000,90.000000,5.800000,0.000000,0.865000,0.000000,5.000000,300.000000,1.000000,2.000000,0.474264
009,0044,HASL_009_0044,35.000000,24.520861,0.881287,0.507335,1.000000,90.000000,5.800000,0.000000,0.865000,0.000000,5.000000,300.000000,1.000000,2.000000,0.474999
009,0043,HASL_009_0043,35.000000,23.315792,0.673710,0.074112,1.000000,90.000000,5.800000,0.000000,0.865000,0.000000,5.000000,300.000000,1.000000,2.000000,0.476160
009,0042,HASL_009_0042,35.000000,24.258857,0.494099,0.000000,1.000000,90.000000,5.800000,0.000000,0.865000,0.000000,5.000000,300.000000,1.000000,2.000000,0.472528
009,0041,HASL_009_0041,35.000000,27.265036,0.900000,0.289424,1.000000,90.000000,5.800000,0.000000,0.865000,0.000000,5.000000,300.000000,1.000000,2.000000,0.472981
009,0040,HASL_009_0040,35.000000,30.000000,0.742290,0.183812,1.000000,90.000000,5.800000,0.000000,0.865000,0.000000,5.000000,300.000000,1.000000,2.000000,0.463204
009,0039,HASL_009_0039,38.799091,28.283653,0.602981,0.366299,1.000000,90.000000,5.800000,0.000000,0.865000,0.000000,5.000000,300.000000,1.000000,2.000000,0.465828
009,0038,HASL_009_0038,38.576472,24.943479,0.900000,0.985410,1.000000,90.000000,5.800000,0.000000,0.865000,0.000000,5.000000,300.000000,1.000000,2.000000,0.469885
009,0037,HASL_009_0037,35.000000,28.216194,0.900000,0.685027,1.000000,90.000000,5.800000,0.000000,0.865000,0.000000,5.000000,300.000000,1.000000,2.000000,0.469426
009,0036,HASL_009_0036,35.000000,28.810024,0.810420,1.000000,1.000000,90.000000,5.800000,0.000000,0.865000,0.000000,5.000000,300.000000,1.000000,2.000000,0.466925
009,0035,HASL_009_0035,35.000000,24.220518,0.527938,0.194875,1.000000,90.000000,5.800000,0.000000,0.865000,0.000000,5.000000,300.000000,1.000000,2.000000,0.472746
009,0034,HASL_009_0034,36.872139,25.855749,0.514970,0.000000,1.000000,90.000000,5.800000,0.000000,0.865000,0.000000,5.000000,300.000000,1.000000,2.000000,0.466488
009,0033,HASL_009_0033,35.000000,30.000000,0.661871,1.000000,1.000000,90.000000,5.800000,0.000000,0.865000,0.000000,5.000000,300.000000,1.000000,2.000000,0.462538
009,0032,HASL_009_0032,38.701274,29.493406,0.791879,0.628057,1.000000,90.000000,5.800000,0.000000,0.865000,0.000000,5.000000,300.000000,1.000000,2.000000,0.464069
009,0031,HASL_009_0031,37.724038,30.000000,0.860286,0.698458,1.000000,90.000000,5.800000,0.000000,0.865000,0.000000,5.000000,300.000000,1.000000,2.000000,0.463407
009,0030,HASL_009_0030,35.485363,24.625456,0.402620,1.000000,1.000000,90.000000,5.800000,0.000000,0.865000,0.000000,5.000000,300.000000,1.000000,2.000000,0.470314
009,0029,HASL_009_0029,35.147054,29.364629,0.400000,0.756541,1.000000,90.000000,5.800000,0.000000,0.865000,0.000000,5.000000,300.000000,1.000000,2.000000,0.462938
009,0028,HASL_009_0028,35.000000,30.000000,0.888966,0.000000,1.000000,90.000000,5.800000,0.000000,0.865000,0.000000,5.000000,300.000000,1.000000,2.000000,0.464287
009,0027,HASL_009_0027,39.412949,27.609679,0.888551,0.955698,1.000000,90.000000,5.800000,0.000000,0.865000,0.000000,5.000000,300.000000,1.000000,2.000000,0.466418
009,0026,HASL_009_0026,35.381085,25.962691,0.900000,0.261251,1.000000,90.000000,5.800000,0.000000,0.865000,0.000000,5.000000,300.000000,1.000000,2.000000,0.470677
009,0025,HASL_009_0025,35.000000,25.217927,0.577554,0.060168,1.000000,90.000000,5.800000,0.000000,0.865000,0.000000,5.000000,300.000000,1.000000,2.000000,0.470529
009,0024,HASL_009_0024,35.147822,28.121448,0.900000,1.000000,1.000000,90.000000,5.800000,0.000000,0.865000,0.000000,5.000000,300.000000,1.000000,2.000000,0.469228
009,0023,HASL_009_0023,37.792202,25.736228,0.636890,0.353714,1.000000,90.000000,5.800000,0.000000,0.865000,0.000000,5.000000,300.000000,1.000000,2.000000,0.466689
009,0022,HASL_009_0022,35.000000,30.000000,0.716603,0.913890,1.000000,90.000000,5.800000,0.000000,0.865000,0.000000,5.000000,300.000000,1.000000,2.000000,0.463093
009,0021,HASL_009_0021,35.000000,25.692967,0.900000,0.427797,1.000000,90.000000,5.800000,0.000000,0.865000,0.000000,5.000000,300.000000,1.000000,2.000000,0.471703
009,0020,HASL_009_0020,35.606704,21.942939,0.575620,0.141814,1.000000,90.000000,5.800000,0.000000,0.865000,0.000000,5.000000,300.000000,1.000000,2.000000,0.450770
009,0019,HASL_009_0019,35.000000,24.208371,0.725655,0.396876,1.000000,90.000000,5.800000,0.000000,0.865000,0.000000,5.000000,300.000000,1.000000,2.000000,0.474394
009,0018,HASL_009_0018,35.184777,21.905955,0.500346,0.660912,1.000000,90.000000,5.800000,0.000000,0.865000,0.000000,5.000000,300.000000,1.000000,2.000000,0.441012
009,0017,HASL_009_0017,35.000000,24.570377,0.863484,1.000000,1.000000,90.000000,5.800000,0.000000,0.865000,0.000000,5.000000,300.000000,1.000000,2.000000,0.474379
009,0016,HASL_009_0016,35.000000,30.000000,0.831077,0.643740,1.000000,90.000000,5.800000,0.000000,0.865000,0.000000,5.000000,300.000000,1.000000,2.000000,0.463847
009,0015,HASL_009_0015,35.216672,27.890944,0.400000,1.000000,1.000000,90.000000,5.800000,0.000000,0.865000,0.000000,5.000000,300.000000,1.000000,2.000000,0.467113
009,0014,HASL_009_0014,35.000000,24.383773,0.760138,0.891535,1.000000,90.000000,5.800000,0.000000,0.865000,0.000000,5.000000,300.000000,1.000000,2.000000,0.474264
009,0013,HASL_009_0013,35.000000,24.875987,0.796519,0.107503,1.000000,90.000000,5.800000,0.000000,0.865000,0.000000,5.000000,300.000000,1.000000,2.000000,0.473450
009,0012,HASL_009_0012,35.846259,25.039875,0.632688,0.000000,1.000000,90.000000,5.800000,0.000000,0.865000,0.000000,5.000000,300.000000,1.000000,2.000000,0.470691
009,0011,HASL_009_0011,35.000000,25.177556,0.768826,0.529292,1.000000,90.000000,5.800000,0.000000,0.865000,0.000000,5.000000,300.000000,1.000000,2.000000,0.472204
009,0010,HASL_009_0010,35.000000,26.298405,0.576392,0.707826,1.000000,90.000000,5.800000,0.000000,0.865000,0.000000,5.000000,300.000000,1.000000,2.000000,0.467403
009,0009,HASL_009_0009,38.210048,27.039417,0.688144,0.000000,1.000000,90.000000,5.800000,0.000000,0.865000,0.000000,5.000000,300.000000,1.000000,2.000000,0.463351
009,0008,HASL_009_0008,40.098804,30.000000,0.630145,0.756226,1.000000,90.000000,5.800000,0.000000,0.865000,0.000000,5.000000,300.000000,1.000000,2.000000,0.459767
009,0007,HASL_009_0007,37.654211,27.079230,0.900000,0.815985,1.000000,90.000000,5.800000,0.000000,0.865000,0.000000,5.000000,300.000000,1.000000,2.000000,0.470557
009,0006,HASL_009_0006,35.000000,29.568602,0.583227,0.961461,1.000000,90.000000,5.800000,0.000000,0.865000,0.000000,5.000000,300.000000,1.000000,2.000000,0.463300
009,0005,HASL_009_0005,35.000000,30.000000,0.739631,0.000000,1.000000,90.000000,5.800000,0.000000,0.865000,0.000000,5.000000,300.000000,1.000000,2.000000,0.463276
009,0004,HASL_009_0004,35.000000,28.986880,0.400000,0.699226,1.000000,90.000000,5.800000,0.000000,0.865000,0.000000,5.000000,300.000000,1.000000,2.000000,0.463691
009,0003,HASL_009_0003,35.332599,23.846445,0.589092,0.493749,1.000000,90.000000,5.800000,0.000000,0.865000,0.000000,5.000000,300.000000,1.000000,2.000000,0.474040
009,0002,HASL_009_0002,35.000000,23.141303,0.612444,0.219327,1.000000,90.000000,5.800000,0.000000,0.865000,0.000000,5.000000,300.000000,1.000000,2.000000,0.438370
009,0001,HASL_009_0001,36.721283,28.605144,0.688106,0.544159,1.000000,90.000000,5.800000,0.000000,0.865000,0.000000,5.000000,300.000000,1.000000,2.000000,0.466775
